,index,label
0,1,0.0
1,2,1.0
2,3,1.0
3,4,0.0
4,5,0.0
5,6,1.0
6,7,1.0
7,8,1.0
8,9,0.0
9,10,1.0
10,11,0.0
11,12,1.0
12,13,0.0
13,14,1.0
14,15,1.0
15,16,0.0
16,17,1.0
17,18,0.0
18,19,1.0
19,20,0.0
20,21,0.0
21,22,0.0
22,23,1.0
23,24,0.0
24,25,1.0
25,26,0.0
26,27,1.0
27,28,1.0
28,29,0.0
29,30,0.0
30,31,0.0
31,32,1.0
32,33,1.0
33,34,0.0
34,35,1.0
35,36,1.0
36,37,0.0
37,38,0.0
38,39,0.0
39,40,0.0
40,41,1.0
41,42,1.0
42,43,1.0
43,44,0.0
44,45,0.0
45,46,1.0
46,47,0.0
47,48,0.0
48,49,0.0
49,50,1.0
50,51,1.0
51,52,0.0
52,53,1.0
53,54,0.0
54,55,1.0
55,56,1.0
56,57,0.0
57,58,0.0
58,59,0.0
59,60,1.0
60,61,1.0
61,62,1.0
62,63,0.0
63,64,0.0
64,65,1.0
65,66,1.0
66,67,0.0
67,68,0.0
68,69,0.0
69,70,1.0
70,71,0.0
71,72,1.0
72,73,1.0
73,74,1.0
74,75,0.0
75,76,1.0
76,77,1.0
77,78,1.0
78,79,1.0
79,80,1.0
80,81,0.0
81,82,1.0
82,83,1.0
83,84,0.0
84,85,1.0
85,86,1.0
86,87,0.0
87,88,1.0
88,89,0.0
89,90,0.0
90,91,0.0
91,92,0.0
92,93,0.0
93,94,1.0
94,95,1.0
95,96,1.0
96,97,1.0
97,98,0.0
98,99,0.0
99,100,1.0
100,101,1.0
101,102,0.0
102,103,1.0
103,104,0.0
104,105,0.0
105,106,0.0
106,107,1.0
107,108,0.0
108,109,1.0
109,110,0.0
110,111,1.0
111,112,1.0
112,113,0.0
113,114,0.0
114,115,0.0
115,116,1.0
116,117,1.0
117,118,0.0
118,119,0.0
119,120,0.0
120,121,1.0
121,122,0.0
122,123,1.0
123,124,1.0
124,125,0.0
125,126,1.0
126,127,1.0
127,128,0.0
128,129,1.0
129,130,1.0
130,131,1.0
131,132,0.0
132,133,1.0
133,134,0.0
134,135,1.0
135,136,1.0
136,137,1.0
137,138,1.0
138,139,0.0
139,140,0.0
140,141,0.0
141,142,1.0
142,143,0.0
143,144,0.0
144,145,1.0
145,146,1.0
146,147,0.0
147,148,1.0
148,149,1.0
149,150,0.0
150,151,0.0
151,152,0.0
152,153,1.0
153,154,0.0
154,155,1.0
155,156,1.0
156,157,0.0
157,158,1.0
158,159,1.0
159,160,0.0
160,161,1.0
161,162,1.0
162,163,1.0
163,164,1.0
164,165,1.0
165,166,1.0
166,167,0.0
167,168,0.0
168,169,0.0
169,170,0.0
170,171,0.0
171,172,0.0
172,173,1.0
173,174,0.0
174,175,1.0
175,176,1.0
176,177,0.0
177,178,1.0
178,179,1.0
179,180,1.0
180,181,0.0
181,182,0.0
182,183,1.0
183,184,1.0
184,185,1.0
185,186,1.0
186,187,1.0
187,188,1.0
188,189,0.0
189,190,1.0
190,191,1.0
191,192,0.0
192,193,0.0
193,194,0.0
194,195,1.0
195,196,0.0
196,197,0.0
197,198,1.0
198,199,0.0
199,200,0.0
200,201,1.0
201,202,0.0
202,203,1.0
203,204,1.0
204,205,1.0
205,206,1.0
206,207,1.0
207,208,1.0
208,209,0.0
209,210,
210,211,1.0
211,212,1.0
212,213,0.0
213,214,1.0
214,215,1.0
215,216,0.0
216,217,0.0
217,218,0.0
218,219,1.0
219,220,1.0
220,221,1.0
221,222,1.0
222,223,0.0
223,224,1.0
224,225,1.0
225,226,0.0
226,227,0.0
227,228,0.0
228,229,1.0
229,230,0.0
230,231,0.0
231,232,1.0
232,233,1.0
233,234,1.0
234,235,1.0
235,236,1.0
236,237,1.0
237,238,1.0
238,239,0.0
239,240,1.0
240,241,1.0
241,242,0.0
242,243,0.0
243,244,1.0
244,245,1.0
245,246,0.0
246,247,1.0
247,248,0.0
248,249,0.0
249,250,0.0
250,251,1.0
251,252,1.0
252,253,1.0
253,254,0.0
254,255,1.0
255,256,1.0
256,257,1.0
257,258,1.0
258,259,0.0
259,260,1.0
260,261,1.0
261,262,1.0
262,263,1.0
263,264,0.0
264,265,1.0
265,266,1.0
266,267,1.0
267,268,1.0
268,269,0.0
269,270,1.0
270,271,1.0
271,272,0.0
272,273,1.0
273,274,1.0
274,275,1.0
275,276,1.0
276,277,0.0
277,278,1.0
278,279,1.0
279,280,0.0
280,281,1.0
281,282,1.0
282,283,1.0
283,284,1.0
284,285,0.0
285,286,1.0
286,287,1.0
287,288,0.0
288,289,0.0
289,290,1.0
290,291,1.0
291,292,1.0
292,293,0.0
293,294,1.0
294,295,1.0
295,296,1.0
296,297,1.0
297,298,0.0
298,299,0.0
299,300,1.0
300,301,0.0
301,302,1.0
302,303,1.0
303,304,0.0
304,305,0.0
305,306,1.0
306,307,0.0
307,308,0.0
308,309,1.0
309,310,0.0
310,311,1.0
311,312,1.0
312,313,0.0
313,314,0.0
314,315,1.0
315,316,1.0
316,317,1.0
317,318,0.0
318,319,0.0
319,320,0.0
320,321,1.0
321,322,0.0
322,323,1.0
323,324,1.0
324,325,0.0
325,326,1.0
326,327,1.0
327,328,0.0
328,329,1.0
329,330,1.0
330,331,1.0
331,332,1.0
332,333,1.0
333,334,1.0
334,335,1.0
335,336,1.0
336,337,0.0
337,338,0.0
338,339,0.0
339,340,0.0
340,341,1.0
341,342,1.0
342,343,1.0
343,344,1.0
344,345,1.0
345,346,0.0
346,347,0.0
347,348,1.0
348,349,1.0
349,350,1.0
350,351,0.0
351,352,1.0
352,353,0.0
353,354,1.0
354,355,0.0
355,356,0.0
356,357,1.0
357,358,1.0
358,359,0.0
359,360,1.0
360,361,1.0
361,362,1.0
362,363,1.0
363,364,1.0
364,365,0.0
365,366,0.0
366,367,1.0
367,368,1.0
368,369,1.0
369,370,1.0
370,371,0.0
371,372,1.0
372,373,1.0
373,374,1.0
374,375,1.0
375,376,1.0
376,377,1.0
377,378,1.0
378,379,0.0
379,380,1.0
380,381,0.0
381,382,1.0
382,383,1.0
383,384,1.0
384,385,1.0
385,386,0.0
386,387,1.0
387,388,1.0
388,389,0.0
389,390,1.0
390,391,0.0
391,392,1.0
392,393,1.0
393,394,1.0
394,395,1.0
395,396,1.0
396,397,1.0
397,398,0.0
398,399,1.0
399,400,0.0
400,401,0.0
401,402,1.0
402,403,1.0
403,404,0.0
404,405,1.0
405,406,1.0
406,407,1.0
407,408,1.0
408,409,0.0
409,410,1.0
410,411,
411,412,0.0
412,413,1.0
413,414,0.0
414,415,0.0
415,416,1.0
416,417,1.0
417,418,0.0
418,419,1.0
419,420,1.0
420,421,0.0
421,422,1.0
422,423,0.0
423,424,0.0
424,425,0.0
425,426,0.0
426,427,1.0
427,428,1.0
428,429,0.0
429,430,1.0
430,431,0.0
431,432,0.0
432,433,1.0
433,434,0.0
434,435,0.0
435,436,0.0
436,437,1.0
437,438,1.0
438,439,0.0
439,440,1.0
440,441,
441,442,0.0
442,443,0.0
443,444,1.0
444,445,0.0
445,446,1.0
446,447,1.0
447,448,1.0
448,449,1.0
449,450,1.0
450,451,0.0
451,452,1.0
452,453,1.0
453,454,1.0
454,455,0.0
455,456,1.0
456,457,1.0
457,458,1.0
458,459,1.0
459,460,1.0
460,461,0.0
461,462,0.0
462,463,1.0
463,464,1.0
464,465,1.0
465,466,0.0
466,467,1.0
467,468,1.0
468,469,1.0
469,470,1.0
470,471,0.0
471,472,1.0
472,473,1.0
473,474,0.0
474,475,1.0
475,476,0.0
476,477,1.0
477,478,0.0
478,479,0.0
479,480,1.0
480,481,0.0
481,482,0.0
482,483,1.0
483,484,1.0
484,485,0.0
485,486,0.0
486,487,
487,488,0.0
488,489,1.0
489,490,1.0
490,491,0.0
491,492,1.0
492,493,0.0
493,494,1.0
494,495,1.0
495,496,0.0
496,497,1.0
497,498,0.0
498,499,0.0
499,500,1.0
500,501,0.0
501,502,1.0
502,503,0.0
503,504,0.0
504,505,0.0
505,506,1.0
506,507,0.0
507,508,1.0
508,509,0.0
509,510,1.0
510,511,1.0
511,512,1.0
512,513,0.0
513,514,1.0
514,515,1.0
515,516,1.0
516,517,1.0
517,518,0.0
518,519,0.0
519,520,1.0
520,521,1.0
521,522,0.0
522,523,0.0
523,524,0.0
524,525,0.0
525,526,0.0
526,527,0.0
527,528,0.0
528,529,1.0
529,530,0.0
530,531,0.0
531,532,1.0
532,533,1.0
533,534,1.0
534,535,1.0
535,536,0.0
536,537,0.0
537,538,0.0
538,539,1.0
539,540,1.0
540,541,0.0
541,542,0.0
542,543,1.0
543,544,0.0
544,545,0.0
545,546,1.0
546,547,1.0
547,548,0.0
548,549,1.0
549,550,0.0
550,551,1.0
551,552,1.0
552,553,1.0
553,554,0.0
554,555,1.0
555,556,0.0
556,557,1.0
557,558,0.0
558,559,1.0
559,560,0.0
560,561,1.0
561,562,1.0
562,563,1.0
563,564,1.0
564,565,0.0
565,566,1.0
566,567,1.0
567,568,1.0
568,569,1.0
569,570,1.0
570,571,1.0
571,572,1.0
572,573,1.0
573,574,0.0
574,575,0.0
575,576,1.0
576,577,1.0
577,578,0.0
578,579,1.0
579,580,1.0
580,581,0.0
581,582,0.0
582,583,0.0
583,584,0.0
584,585,0.0
585,586,0.0
586,587,1.0
587,588,1.0
588,589,0.0
589,590,1.0
590,591,1.0
591,592,0.0
592,593,0.0
593,594,0.0
594,595,0.0
595,596,1.0
596,597,1.0
597,598,0.0
598,599,0.0
599,600,1.0
600,601,0.0
601,602,1.0
602,603,0.0
603,604,1.0
604,605,0.0
605,606,0.0
606,607,0.0
607,608,1.0
608,609,0.0
609,610,0.0
610,611,0.0
611,612,1.0
612,613,0.0
613,614,1.0
614,615,1.0
615,616,1.0
616,617,1.0
617,618,1.0
618,619,1.0
619,620,1.0
620,621,1.0
621,622,0.0
622,623,1.0
623,624,1.0
624,625,0.0
625,626,0.0
626,627,1.0
627,628,1.0
628,629,0.0
629,630,1.0
630,631,1.0
631,632,0.0
632,633,1.0
633,634,1.0
634,635,1.0
635,636,0.0
636,637,0.0
637,638,1.0
638,639,1.0
639,640,1.0
640,641,0.0
641,642,0.0
642,643,0.0
643,644,1.0
644,645,1.0
645,646,0.0
646,647,1.0
647,648,1.0
648,649,1.0
649,650,1.0
650,651,1.0
651,652,1.0
652,653,0.0
653,654,1.0
654,655,0.0
655,656,1.0
656,657,0.0
657,658,1.0
658,659,1.0
659,660,1.0
660,661,1.0
661,662,1.0
662,663,1.0
663,664,1.0
664,665,1.0
665,666,0.0
666,667,1.0
667,668,0.0
668,669,0.0
669,670,0.0
670,671,0.0
671,672,0.0
672,673,0.0
673,674,1.0
674,675,1.0
675,676,1.0
676,677,0.0
677,678,0.0
678,679,1.0
679,680,1.0
680,681,1.0
681,682,0.0
682,683,1.0
683,684,1.0
684,685,0.0
685,686,0.0
686,687,0.0
687,688,1.0
688,689,1.0
689,690,0.0
690,691,1.0
691,692,1.0
692,693,1.0
693,694,1.0
694,695,1.0
695,696,1.0
696,697,0.0
697,698,1.0
698,699,1.0
699,700,0.0
700,701,0.0
701,702,0.0
702,703,1.0
703,704,1.0
704,705,1.0
705,706,0.0
706,707,0.0
707,708,1.0
708,709,0.0
709,710,1.0
710,711,1.0
711,712,1.0
712,713,0.0
713,714,1.0
714,715,0.0
715,716,1.0
716,717,1.0
717,718,0.0
718,719,1.0
719,720,1.0
720,721,1.0
721,722,0.0
722,723,0.0
723,724,0.0
724,725,1.0
725,726,1.0
726,727,1.0
727,728,1.0
728,729,0.0
729,730,1.0
730,731,1.0
731,732,1.0
732,733,0.0
733,734,1.0
734,735,1.0
735,736,0.0
736,737,0.0
737,738,1.0
738,739,1.0
739,740,0.0
740,741,1.0
741,742,0.0
742,743,0.0
743,744,0.0
744,745,1.0
745,746,0.0
746,747,0.0
747,748,0.0
748,749,1.0
749,750,1.0
750,751,1.0
751,752,1.0
752,753,1.0
753,754,0.0
754,755,0.0
755,756,0.0
756,757,0.0
757,758,1.0
758,759,1.0
759,760,0.0
760,761,1.0
761,762,0.0
762,763,0.0
763,764,0.0
764,765,1.0
765,766,1.0
766,767,1.0
767,768,1.0
768,769,1.0
769,770,1.0
770,771,1.0
771,772,1.0
772,773,0.0
773,774,1.0
774,775,1.0
775,776,1.0
776,777,1.0
777,778,0.0
778,779,0.0
779,780,1.0
780,781,1.0
781,782,0.0
782,783,1.0
783,784,1.0
784,785,1.0
785,786,0.0
786,787,0.0
787,788,1.0
788,789,0.0
789,790,1.0
790,791,0.0
791,792,0.0
792,793,1.0
793,794,0.0
794,795,1.0
795,796,1.0
796,797,0.0
797,798,1.0
798,799,1.0
799,800,1.0
800,801,0.0
801,802,1.0
802,803,1.0
803,804,0.0
804,805,1.0
805,806,0.0
806,807,1.0
807,808,1.0
808,809,0.0
809,810,1.0
810,811,0.0
811,812,1.0
812,813,1.0
813,814,1.0
814,815,1.0
815,816,1.0
816,817,0.0
817,818,0.0
818,819,0.0
819,820,0.0
820,821,0.0
821,822,1.0
822,823,0.0
823,824,1.0
824,825,0.0
825,826,0.0
826,827,0.0
827,828,0.0
828,829,1.0
829,830,1.0
830,831,0.0
831,832,1.0
832,833,0.0
833,834,1.0
834,835,0.0
835,836,0.0
836,837,1.0
837,838,1.0
838,839,0.0
839,840,1.0
840,841,0.0
841,842,0.0
842,843,0.0
843,844,1.0
844,845,1.0
845,846,0.0
846,847,1.0
847,848,1.0
848,849,0.0
849,850,0.0
850,851,1.0
851,852,1.0
852,853,0.0
853,854,1.0
854,855,0.0
855,856,0.0
856,857,1.0
857,858,1.0
858,859,0.0
859,860,1.0
860,861,0.0
861,862,0.0
862,863,0.0
863,864,0.0
864,865,0.0
865,866,1.0
866,867,1.0
867,868,1.0
868,869,0.0
869,870,1.0
870,871,0.0
871,872,0.0
872,873,1.0
873,874,1.0
874,875,1.0
875,876,1.0
876,877,1.0
877,878,0.0
878,879,1.0
879,880,1.0
880,881,0.0
881,882,0.0
882,883,1.0
883,884,1.0
884,885,1.0
885,886,1.0
886,887,0.0
887,888,0.0
888,889,1.0
889,890,1.0
890,891,1.0
891,892,0.0
892,893,1.0
893,894,0.0
894,895,0.0
895,896,1.0
896,897,0.0
897,898,1.0
898,899,1.0
899,900,1.0
900,901,1.0
901,902,1.0
902,903,1.0
903,904,1.0
904,905,1.0
905,906,0.0
906,907,1.0
907,908,1.0
908,909,1.0
909,910,0.0
910,911,0.0
911,912,0.0
912,913,0.0
913,914,1.0
914,915,0.0
915,916,0.0
916,917,1.0
917,918,1.0
918,919,1.0
919,920,0.0
920,921,1.0
921,922,1.0
922,923,1.0
923,924,0.0
924,925,1.0
925,926,1.0
926,927,1.0
927,928,0.0
928,929,1.0
929,930,1.0
930,931,0.0
931,932,0.0
932,933,0.0
933,934,1.0
934,935,1.0
935,936,1.0
936,937,1.0
937,938,0.0
938,939,1.0
939,940,0.0
940,941,0.0
941,942,1.0
942,943,1.0
943,944,1.0
944,945,0.0
945,946,1.0
946,947,0.0
947,948,0.0
948,949,0.0
949,950,0.0
950,951,0.0
951,952,1.0
952,953,0.0
953,954,0.0
954,955,1.0
955,956,1.0
956,957,0.0
957,958,1.0
958,959,1.0
959,960,0.0
960,961,1.0
961,962,1.0
962,963,1.0
963,964,
964,965,0.0
965,966,0.0
966,967,1.0
967,968,1.0
968,969,0.0
969,970,1.0
970,971,1.0
971,972,0.0
972,973,1.0
973,974,1.0
974,975,1.0
975,976,0.0
976,977,1.0
977,978,0.0
978,979,1.0
979,980,1.0
980,981,1.0
981,982,1.0
982,983,1.0
983,984,1.0
984,985,1.0
985,986,0.0
986,987,0.0
987,988,1.0
988,989,0.0
989,990,0.0
990,991,0.0
991,992,0.0
992,993,1.0
993,994,1.0
994,995,0.0
995,996,0.0
996,997,1.0
997,998,0.0
998,999,1.0
999,1000,0.0
1000,1001,1.0
1001,1002,1.0
1002,1003,1.0
1003,1004,0.0
1004,1005,1.0
1005,1006,1.0
1006,1007,0.0
1007,1008,1.0
1008,1009,0.0
1009,1010,0.0
1010,1011,1.0
1011,1012,1.0
1012,1013,1.0
1013,1014,1.0
1014,1015,0.0
1015,1016,0.0
1016,1017,1.0
1017,1018,0.0
1018,1019,0.0
1019,1020,0.0
1020,1021,0.0
1021,1022,0.0
1022,1023,1.0
1023,1024,0.0
1024,1025,0.0
1025,1026,0.0
1026,1027,0.0
1027,1028,0.0
1028,1029,1.0
1029,1030,1.0
1030,1031,1.0
1031,1032,0.0
1032,1033,1.0
1033,1034,1.0
1034,1035,0.0
1035,1036,0.0
1036,1037,0.0
1037,1038,0.0
1038,1039,1.0
1039,1040,1.0
1040,1041,0.0
1041,1042,1.0
1042,1043,0.0
1043,1044,1.0
1044,1045,1.0
1045,1046,1.0
1046,1047,1.0
1047,1048,0.0
1048,1049,1.0
1049,1050,0.0
1050,1051,0.0
1051,1052,1.0
1052,1053,1.0
1053,1054,0.0
1054,1055,0.0
1055,1056,1.0
1056,1057,0.0
1057,1058,0.0
1058,1059,0.0
1059,1060,0.0
1060,1061,1.0
1061,1062,0.0
1062,1063,0.0
1063,1064,1.0
1064,1065,0.0
1065,1066,1.0
1066,1067,0.0
1067,1068,1.0
1068,1069,1.0
1069,1070,1.0
1070,1071,1.0
1071,1072,0.0
1072,1073,0.0
1073,1074,1.0
1074,1075,0.0
1075,1076,1.0
1076,1077,0.0
1077,1078,0.0
1078,1079,0.0
1079,1080,1.0
1080,1081,0.0
1081,1082,1.0
1082,1083,1.0
1083,1084,0.0
1084,1085,0.0
1085,1086,1.0
1086,1087,1.0
1087,1088,1.0
1088,1089,1.0
1089,1090,0.0
1090,1091,1.0
1091,1092,1.0
1092,1093,0.0
1093,1094,0.0
1094,1095,0.0
1095,1096,1.0
1096,1097,1.0
1097,1098,1.0
1098,1099,1.0
1099,1100,1.0
1100,1101,1.0
1101,1102,0.0
1102,1103,0.0
1103,1104,1.0
1104,1105,1.0
1105,1106,0.0
1106,1107,1.0
1107,1108,0.0
1108,1109,1.0
1109,1110,1.0
1110,1111,0.0
1111,1112,1.0
1112,1113,0.0
1113,1114,1.0
1114,1115,1.0
1115,1116,1.0
1116,1117,1.0
1117,1118,0.0
1118,1119,1.0
1119,1120,1.0
1120,1121,0.0
1121,1122,1.0
1122,1123,1.0
1123,1124,1.0
1124,1125,0.0
1125,1126,1.0
1126,1127,0.0
1127,1128,0.0
1128,1129,0.0
1129,1130,1.0
1130,1131,0.0
1131,1132,1.0
1132,1133,0.0
1133,1134,0.0
1134,1135,0.0
1135,1136,0.0
1136,1137,1.0
1137,1138,0.0
1138,1139,1.0
1139,1140,1.0
1140,1141,1.0
1141,1142,0.0
1142,1143,1.0
1143,1144,0.0
1144,1145,0.0
1145,1146,1.0
1146,1147,1.0
1147,1148,0.0
1148,1149,1.0
1149,1150,1.0
1150,1151,1.0
1151,1152,1.0
1152,1153,0.0
1153,1154,1.0
1154,1155,0.0
1155,1156,0.0
1156,1157,0.0
1157,1158,0.0
1158,1159,0.0
1159,1160,0.0
1160,1161,0.0
1161,1162,1.0
1162,1163,1.0
1163,1164,1.0
1164,1165,1.0
1165,1166,1.0
1166,1167,0.0
1167,1168,1.0
1168,1169,1.0
1169,1170,0.0
1170,1171,1.0
1171,1172,0.0
1172,1173,0.0
1173,1174,0.0
1174,1175,1.0
1175,1176,0.0
1176,1177,0.0
1177,1178,0.0
1178,1179,1.0
1179,1180,0.0
1180,1181,1.0
1181,1182,0.0
1182,1183,0.0
1183,1184,1.0
1184,1185,0.0
1185,1186,0.0
1186,1187,1.0
1187,1188,0.0
1188,1189,1.0
1189,1190,0.0
1190,1191,0.0
1191,1192,1.0
1192,1193,1.0
1193,1194,0.0
1194,1195,0.0
1195,1196,0.0
1196,1197,1.0
1197,1198,1.0
1198,1199,1.0
1199,1200,1.0
1200,1201,0.0
1201,1202,1.0
1202,1203,0.0
1203,1204,1.0
1204,1205,1.0
1205,1206,1.0
1206,1207,0.0
1207,1208,1.0
1208,1209,0.0
1209,1210,0.0
1210,1211,0.0
1211,1212,1.0
1212,1213,1.0
1213,1214,1.0
1214,1215,1.0
1215,1216,1.0
1216,1217,0.0
1217,1218,0.0
1218,1219,0.0
1219,1220,0.0
1220,1221,1.0
1221,1222,0.0
1222,1223,1.0
1223,1224,1.0
1224,1225,0.0
1225,1226,1.0
1226,1227,0.0
1227,1228,1.0
1228,1229,1.0
1229,1230,0.0
1230,1231,1.0
1231,1232,1.0
1232,1233,1.0
1233,1234,0.0
1234,1235,0.0
1235,1236,1.0
1236,1237,0.0
1237,1238,0.0
1238,1239,1.0
1239,1240,0.0
1240,1241,1.0
1241,1242,1.0
1242,1243,1.0
1243,1244,1.0
1244,1245,0.0
1245,1246,0.0
1246,1247,0.0
1247,1248,0.0
1248,1249,0.0
1249,1250,1.0
1250,1251,1.0
1251,1252,0.0
1252,1253,0.0
1253,1254,1.0
1254,1255,1.0
1255,1256,1.0
1256,1257,1.0
1257,1258,0.0
1258,1259,0.0
1259,1260,1.0
1260,1261,0.0
1261,1262,1.0
1262,1263,0.0
1263,1264,1.0
1264,1265,1.0
1265,1266,1.0
1266,1267,0.0
1267,1268,0.0
1268,1269,0.0
1269,1270,1.0
1270,1271,0.0
1271,1272,1.0
1272,1273,0.0
1273,1274,1.0
1274,1275,0.0
1275,1276,0.0
1276,1277,1.0
1277,1278,1.0
1278,1279,0.0
1279,1280,1.0
1280,1281,1.0
1281,1282,0.0
1282,1283,0.0
1283,1284,0.0
1284,1285,1.0
1285,1286,0.0
1286,1287,0.0
1287,1288,1.0
1288,1289,1.0
1289,1290,0.0
1290,1291,1.0
1291,1292,1.0
1292,1293,0.0
1293,1294,0.0
1294,1295,0.0
1295,1296,0.0
1296,1297,1.0
1297,1298,0.0
1298,1299,1.0
1299,1300,1.0
1300,1301,0.0
1301,1302,0.0
1302,1303,0.0
1303,1304,0.0
1304,1305,0.0
1305,1306,1.0
1306,1307,0.0
1307,1308,0.0
1308,1309,0.0
1309,1310,1.0
1310,1311,1.0
1311,1312,1.0
1312,1313,1.0
1313,1314,1.0
1314,1315,1.0
1315,1316,1.0
1316,1317,1.0
1317,1318,0.0
1318,1319,0.0
1319,1320,0.0
1320,1321,0.0
1321,1322,1.0
1322,1323,0.0
1323,1324,0.0
1324,1325,1.0
1325,1326,0.0
1326,1327,1.0
1327,1328,0.0
1328,1329,1.0
1329,1330,0.0
1330,1331,0.0
1331,1332,0.0
1332,1333,0.0
1333,1334,1.0
1334,1335,1.0
1335,1336,0.0
1336,1337,1.0
1337,1338,0.0
1338,1339,0.0
1339,1340,1.0
1340,1341,1.0
1341,1342,1.0
1342,1343,0.0
1343,1344,0.0
1344,1345,0.0
1345,1346,1.0
1346,1347,0.0
1347,1348,0.0
1348,1349,0.0
1349,1350,0.0
1350,1351,0.0
1351,1352,1.0
1352,1353,1.0
1353,1354,0.0
1354,1355,1.0
1355,1356,0.0
1356,1357,0.0
1357,1358,1.0
1358,1359,0.0
1359,1360,1.0
1360,1361,0.0
1361,1362,1.0
1362,1363,1.0
1363,1364,0.0
1364,1365,1.0
1365,1366,1.0
1366,1367,0.0
1367,1368,1.0
1368,1369,0.0
1369,1370,0.0
1370,1371,1.0
1371,1372,1.0
1372,1373,1.0
1373,1374,1.0
1374,1375,0.0
1375,1376,1.0
1376,1377,1.0
1377,1378,0.0
1378,1379,1.0
1379,1380,0.0
1380,1381,0.0
1381,1382,1.0
1382,1383,0.0
1383,1384,1.0
1384,1385,0.0
1385,1386,0.0
1386,1387,0.0
1387,1388,0.0
1388,1389,1.0
1389,1390,1.0
1390,1391,1.0
1391,1392,0.0
1392,1393,1.0
1393,1394,1.0
1394,1395,1.0
1395,1396,1.0
1396,1397,1.0
1397,1398,1.0
1398,1399,1.0
1399,1400,0.0
1400,1401,
1401,1402,0.0
1402,1403,1.0
1403,1404,0.0
1404,1405,1.0
1405,1406,1.0
1406,1407,1.0
1407,1408,0.0
1408,1409,1.0
1409,1410,1.0
1410,1411,0.0
1411,1412,0.0
1412,1413,1.0
1413,1414,0.0
1414,1415,1.0
1415,1416,1.0
1416,1417,0.0
1417,1418,1.0
1418,1419,0.0
1419,1420,0.0
1420,1421,1.0
1421,1422,0.0
1422,1423,0.0
1423,1424,1.0
1424,1425,0.0
1425,1426,1.0
1426,1427,0.0
1427,1428,1.0
1428,1429,1.0
1429,1430,0.0
1430,1431,0.0
1431,1432,1.0
1432,1433,1.0
1433,1434,0.0
1434,1435,1.0
1435,1436,1.0
1436,1437,1.0
1437,1438,0.0
1438,1439,1.0
1439,1440,0.0
1440,1441,1.0
1441,1442,1.0
1442,1443,1.0
1443,1444,1.0
1444,1445,0.0
1445,1446,1.0
1446,1447,0.0
1447,1448,0.0
1448,1449,1.0
1449,1450,0.0
1450,1451,1.0
1451,1452,0.0
1452,1453,1.0
1453,1454,1.0
1454,1455,0.0
1455,1456,0.0
1456,1457,1.0
1457,1458,1.0
1458,1459,1.0
1459,1460,1.0
1460,1461,0.0
1461,1462,0.0
1462,1463,1.0
1463,1464,1.0
1464,1465,0.0
1465,1466,1.0
1466,1467,0.0
1467,1468,1.0
1468,1469,1.0
1469,1470,1.0
1470,1471,0.0
1471,1472,1.0
1472,1473,0.0
1473,1474,1.0
1474,1475,0.0
1475,1476,0.0
1476,1477,0.0
1477,1478,1.0
1478,1479,0.0
1479,1480,0.0
1480,1481,0.0
1481,1482,1.0
1482,1483,0.0
1483,1484,0.0
1484,1485,1.0
1485,1486,1.0
1486,1487,1.0
1487,1488,0.0
1488,1489,0.0
1489,1490,1.0
1490,1491,1.0
1491,1492,1.0
1492,1493,0.0
1493,1494,1.0
1494,1495,1.0
1495,1496,1.0
1496,1497,0.0
1497,1498,0.0
1498,1499,1.0
1499,1500,1.0
1500,1501,1.0
1501,1502,1.0
1502,1503,1.0
1503,1504,1.0
1504,1505,1.0
1505,1506,1.0
1506,1507,1.0
1507,1508,0.0
1508,1509,0.0
1509,1510,0.0
1510,1511,1.0
1511,1512,1.0
1512,1513,1.0
1513,1514,0.0
1514,1515,0.0
1515,1516,0.0
1516,1517,0.0
1517,1518,1.0
1518,1519,1.0
1519,1520,0.0
1520,1521,0.0
1521,1522,1.0
1522,1523,0.0
1523,1524,0.0
1524,1525,0.0
1525,1526,0.0
1526,1527,1.0
1527,1528,1.0
1528,1529,1.0
1529,1530,1.0
1530,1531,1.0
1531,1532,0.0
1532,1533,0.0
1533,1534,0.0
1534,1535,1.0
1535,1536,1.0
1536,1537,0.0
1537,1538,1.0
1538,1539,0.0
1539,1540,1.0
1540,1541,1.0
1541,1542,1.0
1542,1543,1.0
1543,1544,1.0
1544,1545,1.0
1545,1546,1.0
1546,1547,1.0
1547,1548,1.0
1548,1549,1.0
1549,1550,0.0
1550,1551,1.0
1551,1552,0.0
1552,1553,1.0
1553,1554,1.0
1554,1555,0.0
1555,1556,1.0
1556,1557,1.0
1557,1558,1.0
1558,1559,1.0
1559,1560,0.0
1560,1561,1.0
1561,1562,0.0
1562,1563,0.0
1563,1564,1.0
1564,1565,0.0
1565,1566,0.0
1566,1567,0.0
1567,1568,0.0
1568,1569,1.0
1569,1570,1.0
1570,1571,0.0
1571,1572,1.0
1572,1573,0.0
1573,1574,1.0
1574,1575,0.0
1575,1576,1.0
1576,1577,0.0
1577,1578,0.0
1578,1579,0.0
1579,1580,0.0
1580,1581,0.0
1581,1582,1.0
1582,1583,0.0
1583,1584,1.0
1584,1585,1.0
1585,1586,0.0
1586,1587,1.0
1587,1588,0.0
1588,1589,1.0
1589,1590,1.0
1590,1591,1.0
1591,1592,1.0
1592,1593,0.0
1593,1594,1.0
1594,1595,0.0
1595,1596,1.0
1596,1597,0.0
1597,1598,1.0
1598,1599,0.0
1599,1600,1.0
1600,1601,1.0
1601,1602,0.0
1602,1603,1.0
1603,1604,0.0
1604,1605,0.0
1605,1606,1.0
1606,1607,1.0
1607,1608,1.0
1608,1609,1.0
1609,1610,0.0
1610,1611,0.0
1611,1612,0.0
1612,1613,0.0
1613,1614,1.0
1614,1615,0.0
1615,1616,0.0
1616,1617,1.0
1617,1618,0.0
1618,1619,1.0
1619,1620,0.0
1620,1621,0.0
1621,1622,1.0
1622,1623,1.0
1623,1624,0.0
1624,1625,1.0
1625,1626,0.0
1626,1627,1.0
1627,1628,0.0
1628,1629,1.0
1629,1630,1.0
1630,1631,0.0
1631,1632,0.0
1632,1633,0.0
1633,1634,1.0
1634,1635,1.0
1635,1636,1.0
1636,1637,1.0
1637,1638,0.0
1638,1639,0.0
1639,1640,1.0
1640,1641,1.0
1641,1642,1.0
1642,1643,0.0
1643,1644,1.0
1644,1645,1.0
1645,1646,0.0
1646,1647,1.0
1647,1648,1.0
1648,1649,1.0
1649,1650,0.0
1650,1651,0.0
1651,1652,1.0
1652,1653,0.0
1653,1654,0.0
1654,1655,1.0
1655,1656,1.0
1656,1657,1.0
1657,1658,1.0
1658,1659,1.0
1659,1660,0.0
1660,1661,1.0
1661,1662,0.0
1662,1663,0.0
1663,1664,1.0
1664,1665,1.0
1665,1666,0.0
1666,1667,1.0
1667,1668,1.0
1668,1669,1.0
1669,1670,0.0
1670,1671,0.0
1671,1672,1.0
1672,1673,1.0
1673,1674,1.0
1674,1675,1.0
1675,1676,1.0
1676,1677,1.0
1677,1678,0.0
1678,1679,1.0
1679,1680,1.0
1680,1681,0.0
1681,1682,1.0
1682,1683,0.0
1683,1684,1.0
1684,1685,1.0
1685,1686,1.0
1686,1687,0.0
1687,1688,1.0
1688,1689,1.0
1689,1690,0.0
1690,1691,0.0
1691,1692,0.0
1692,1693,0.0
1693,1694,0.0
1694,1695,1.0
1695,1696,0.0
1696,1697,1.0
1697,1698,1.0
1698,1699,1.0
1699,1700,1.0
1700,1701,1.0
1701,1702,1.0
1702,1703,1.0
1703,1704,1.0
1704,1705,1.0
1705,1706,1.0
1706,1707,0.0
1707,1708,0.0
1708,1709,1.0
1709,1710,1.0
1710,1711,1.0
1711,1712,1.0
1712,1713,0.0
1713,1714,1.0
1714,1715,0.0
1715,1716,1.0
1716,1717,0.0
1717,1718,1.0
1718,1719,1.0
1719,1720,1.0
1720,1721,0.0
1721,1722,0.0
1722,1723,1.0
1723,1724,0.0
1724,1725,0.0
1725,1726,1.0
1726,1727,1.0
1727,1728,1.0
1728,1729,1.0
1729,1730,1.0
1730,1731,1.0
1731,1732,1.0
1732,1733,1.0
1733,1734,0.0
1734,1735,0.0
1735,1736,0.0
1736,1737,0.0
1737,1738,0.0
1738,1739,1.0
1739,1740,1.0
1740,1741,0.0
1741,1742,1.0
1742,1743,1.0
1743,1744,1.0
1744,1745,0.0
1745,1746,1.0
1746,1747,1.0
1747,1748,1.0
1748,1749,0.0
1749,1750,1.0
1750,1751,1.0
1751,1752,1.0
1752,1753,0.0
1753,1754,1.0
1754,1755,0.0
1755,1756,0.0
1756,1757,0.0
1757,1758,1.0
1758,1759,0.0
1759,1760,1.0
1760,1761,1.0
1761,1762,0.0
1762,1763,0.0
1763,1764,1.0
1764,1765,0.0
1765,1766,0.0
1766,1767,1.0
1767,1768,1.0
1768,1769,1.0
1769,1770,1.0
1770,1771,0.0
1771,1772,1.0
1772,1773,1.0
1773,1774,1.0
1774,1775,1.0
1775,1776,1.0
1776,1777,0.0
1777,1778,0.0
1778,1779,1.0
1779,1780,0.0
1780,1781,1.0
1781,1782,0.0
1782,1783,1.0
1783,1784,0.0
1784,1785,1.0
1785,1786,1.0
1786,1787,1.0
1787,1788,0.0
1788,1789,1.0
1789,1790,0.0
1790,1791,0.0
1791,1792,0.0
1792,1793,0.0
1793,1794,1.0
1794,1795,1.0
1795,1796,0.0
1796,1797,1.0
1797,1798,0.0
1798,1799,0.0
1799,1800,1.0
1800,1801,1.0
1801,1802,1.0
1802,1803,0.0
1803,1804,0.0
1804,1805,0.0
1805,1806,0.0
1806,1807,0.0
1807,1808,0.0
1808,1809,0.0
1809,1810,0.0
1810,1811,0.0
1811,1812,0.0
1812,1813,1.0
1813,1814,1.0
1814,1815,1.0
1815,1816,1.0
1816,1817,0.0
1817,1818,1.0
1818,1819,1.0
1819,1820,1.0
1820,1821,1.0
1821,1822,1.0
1822,1823,1.0
1823,1824,1.0
1824,1825,1.0
1825,1826,0.0
1826,1827,1.0
1827,1828,1.0
1828,1829,0.0
1829,1830,1.0
1830,1831,1.0
1831,1832,0.0
1832,1833,0.0
1833,1834,0.0
1834,1835,0.0
1835,1836,0.0
1836,1837,1.0
1837,1838,0.0
1838,1839,0.0
1839,1840,0.0
1840,1841,1.0
1841,1842,1.0
1842,1843,0.0
1843,1844,0.0
1844,1845,1.0
1845,1846,1.0
1846,1847,1.0
1847,1848,1.0
1848,1849,1.0
1849,1850,0.0
1850,1851,0.0
1851,1852,0.0
1852,1853,1.0
1853,1854,1.0
1854,1855,1.0
1855,1856,0.0
1856,1857,1.0
1857,1858,1.0
1858,1859,0.0
1859,1860,1.0
1860,1861,1.0
1861,1862,0.0
1862,1863,0.0
1863,1864,1.0
1864,1865,0.0
1865,1866,1.0
1866,1867,1.0
1867,1868,1.0
1868,1869,1.0
1869,1870,1.0
1870,1871,
1871,1872,1.0
1872,1873,0.0
1873,1874,1.0
1874,1875,1.0
1875,1876,0.0
1876,1877,1.0
1877,1878,1.0
1878,1879,1.0
1879,1880,0.0
1880,1881,0.0
1881,1882,1.0
1882,1883,0.0
1883,1884,1.0
1884,1885,0.0
1885,1886,1.0
1886,1887,0.0
1887,1888,1.0
1888,1889,1.0
1889,1890,0.0
1890,1891,0.0
1891,1892,1.0
1892,1893,1.0
1893,1894,0.0
1894,1895,1.0
1895,1896,0.0
1896,1897,0.0
1897,1898,1.0
1898,1899,1.0
1899,1900,0.0
1900,1901,1.0
1901,1902,0.0
1902,1903,0.0
1903,1904,1.0
1904,1905,1.0
1905,1906,1.0
1906,1907,0.0
1907,1908,1.0
1908,1909,1.0
1909,1910,1.0
1910,1911,0.0
1911,1912,1.0
1912,1913,1.0
1913,1914,1.0
1914,1915,1.0
1915,1916,1.0
1916,1917,1.0
1917,1918,0.0
1918,1919,0.0
1919,1920,1.0
1920,1921,1.0
1921,1922,0.0
1922,1923,0.0
1923,1924,1.0
1924,1925,1.0
1925,1926,1.0
1926,1927,0.0
1927,1928,1.0
1928,1929,1.0
1929,1930,1.0
1930,1931,0.0
1931,1932,0.0
1932,1933,0.0
1933,1934,1.0
1934,1935,1.0
1935,1936,1.0
1936,1937,1.0
1937,1938,1.0
1938,1939,1.0
1939,1940,1.0
1940,1941,1.0
1941,1942,1.0
1942,1943,0.0
1943,1944,0.0
1944,1945,1.0
1945,1946,0.0
1946,1947,1.0
1947,1948,0.0
1948,1949,1.0
1949,1950,0.0
1950,1951,1.0
1951,1952,0.0
1952,1953,1.0
1953,1954,1.0
1954,1955,0.0
1955,1956,0.0
1956,1957,0.0
1957,1958,1.0
1958,1959,1.0
1959,1960,1.0
1960,1961,0.0
1961,1962,0.0
1962,1963,0.0
1963,1964,1.0
1964,1965,0.0
1965,1966,1.0
1966,1967,1.0
1967,1968,1.0
1968,1969,0.0
1969,1970,0.0
1970,1971,0.0
1971,1972,0.0
1972,1973,1.0
1973,1974,1.0
1974,1975,0.0
1975,1976,1.0
1976,1977,1.0
1977,1978,1.0
1978,1979,1.0
1979,1980,1.0
1980,1981,1.0
1981,1982,1.0
1982,1983,1.0
1983,1984,0.0
1984,1985,1.0
1985,1986,0.0
1986,1987,0.0
1987,1988,1.0
1988,1989,1.0
1989,1990,0.0
1990,1991,1.0
1991,1992,0.0
1992,1993,0.0
1993,1994,0.0
1994,1995,1.0
1995,1996,0.0
1996,1997,1.0
1997,1998,1.0
1998,1999,0.0
1999,2000,0.0
2000,2001,1.0
2001,2002,1.0
2002,2003,1.0
2003,2004,1.0
2004,2005,1.0
2005,2006,1.0
2006,2007,0.0
2007,2008,0.0
2008,2009,1.0
2009,2010,0.0
2010,2011,1.0
2011,2012,0.0
2012,2013,1.0
2013,2014,1.0
2014,2015,0.0
2015,2016,0.0
2016,2017,0.0
2017,2018,0.0
2018,2019,1.0
2019,2020,1.0
2020,2021,1.0
2021,2022,1.0
2022,2023,0.0
2023,2024,0.0
2024,2025,1.0
2025,2026,1.0
2026,2027,0.0
2027,2028,0.0
2028,2029,1.0
2029,2030,0.0
2030,2031,1.0
2031,2032,1.0
2032,2033,1.0
2033,2034,1.0
2034,2035,1.0
2035,2036,0.0
2036,2037,0.0
2037,2038,1.0
2038,2039,1.0
2039,2040,1.0
2040,2041,0.0
2041,2042,0.0
2042,2043,0.0
2043,2044,0.0
2044,2045,1.0
2045,2046,0.0
2046,2047,0.0
2047,2048,0.0
2048,2049,1.0
2049,2050,1.0
2050,2051,0.0
2051,2052,1.0
2052,2053,1.0
2053,2054,0.0
2054,2055,1.0
2055,2056,0.0
2056,2057,0.0
2057,2058,0.0
2058,2059,1.0
2059,2060,0.0
2060,2061,0.0
2061,2062,0.0
2062,2063,1.0
2063,2064,1.0
2064,2065,0.0
2065,2066,0.0
2066,2067,0.0
2067,2068,0.0
2068,2069,0.0
2069,2070,0.0
2070,2071,0.0
2071,2072,1.0
2072,2073,1.0
2073,2074,1.0
2074,2075,1.0
2075,2076,0.0
2076,2077,1.0
2077,2078,0.0
2078,2079,1.0
2079,2080,0.0
2080,2081,1.0
2081,2082,0.0
2082,2083,0.0
2083,2084,0.0
2084,2085,1.0
2085,2086,0.0
2086,2087,0.0
2087,2088,1.0
2088,2089,1.0
2089,2090,1.0
2090,2091,0.0
2091,2092,1.0
2092,2093,0.0
2093,2094,0.0
2094,2095,0.0
2095,2096,1.0
2096,2097,0.0
2097,2098,1.0
2098,2099,0.0
2099,2100,1.0
2100,2101,1.0
2101,2102,0.0
2102,2103,1.0
2103,2104,0.0
2104,2105,0.0
2105,2106,1.0
2106,2107,0.0
2107,2108,0.0
2108,2109,0.0
2109,2110,0.0
2110,2111,0.0
2111,2112,1.0
2112,2113,0.0
2113,2114,0.0
2114,2115,0.0
2115,2116,
2116,2117,1.0
2117,2118,1.0
2118,2119,0.0
2119,2120,1.0
2120,2121,
2121,2122,1.0
2122,2123,1.0
2123,2124,1.0
2124,2125,1.0
2125,2126,0.0
2126,2127,1.0
2127,2128,1.0
2128,2129,0.0
2129,2130,1.0
2130,2131,1.0
2131,2132,1.0
2132,2133,1.0
2133,2134,0.0
2134,2135,1.0
2135,2136,0.0
2136,2137,0.0
2137,2138,1.0
2138,2139,1.0
2139,2140,1.0
2140,2141,1.0
2141,2142,0.0
2142,2143,0.0
2143,2144,0.0
2144,2145,0.0
2145,2146,0.0
2146,2147,1.0
2147,2148,0.0
2148,2149,1.0
2149,2150,1.0
2150,2151,0.0
2151,2152,1.0
2152,2153,
2153,2154,1.0
2154,2155,1.0
2155,2156,1.0
2156,2157,1.0
2157,2158,1.0
2158,2159,1.0
2159,2160,1.0
2160,2161,
2161,2162,1.0
2162,2163,1.0
2163,2164,1.0
2164,2165,0.0
2165,2166,1.0
2166,2167,1.0
2167,2168,1.0
2168,2169,0.0
2169,2170,1.0
2170,2171,0.0
2171,2172,0.0
2172,2173,0.0
2173,2174,1.0
2174,2175,0.0
2175,2176,0.0
2176,2177,0.0
2177,2178,1.0
2178,2179,0.0
2179,2180,1.0
2180,2181,1.0
2181,2182,0.0
2182,2183,0.0
2183,2184,0.0
2184,2185,0.0
2185,2186,1.0
2186,2187,1.0
2187,2188,0.0
2188,2189,1.0
2189,2190,1.0
2190,2191,1.0
2191,2192,1.0
2192,2193,1.0
2193,2194,1.0
2194,2195,0.0
2195,2196,1.0
2196,2197,1.0
2197,2198,0.0
2198,2199,1.0
2199,2200,1.0
2200,2201,1.0
2201,2202,1.0
2202,2203,0.0
2203,2204,0.0
2204,2205,0.0
2205,2206,1.0
2206,2207,1.0
2207,2208,1.0
2208,2209,0.0
2209,2210,1.0
2210,2211,1.0
2211,2212,1.0
2212,2213,1.0
2213,2214,1.0
2214,2215,0.0
2215,2216,0.0
2216,2217,0.0
2217,2218,0.0
2218,2219,0.0
2219,2220,0.0
2220,2221,1.0
2221,2222,1.0
2222,2223,0.0
2223,2224,0.0
2224,2225,1.0
2225,2226,0.0
2226,2227,1.0
2227,2228,0.0
2228,2229,1.0
2229,2230,1.0
2230,2231,0.0
2231,2232,0.0
2232,2233,0.0
2233,2234,0.0
2234,2235,0.0
2235,2236,0.0
2236,2237,0.0
2237,2238,0.0
2238,2239,0.0
2239,2240,1.0
2240,2241,0.0
2241,2242,1.0
2242,2243,0.0
2243,2244,0.0
2244,2245,0.0
2245,2246,0.0
2246,2247,0.0
2247,2248,0.0
2248,2249,0.0
2249,2250,0.0
2250,2251,0.0
2251,2252,0.0
2252,2253,0.0
2253,2254,1.0
2254,2255,0.0
2255,2256,0.0
2256,2257,1.0
2257,2258,1.0
2258,2259,0.0
2259,2260,1.0
2260,2261,1.0
2261,2262,0.0
2262,2263,0.0
2263,2264,1.0
2264,2265,0.0
2265,2266,1.0
2266,2267,0.0
2267,2268,0.0
2268,2269,1.0
2269,2270,0.0
2270,2271,1.0
2271,2272,1.0
2272,2273,0.0
2273,2274,1.0
2274,2275,0.0
2275,2276,1.0
2276,2277,0.0
2277,2278,1.0
2278,2279,1.0
2279,2280,0.0
2280,2281,1.0
2281,2282,1.0
2282,2283,1.0
2283,2284,0.0
2284,2285,0.0
2285,2286,
2286,2287,1.0
2287,2288,1.0
2288,2289,1.0
2289,2290,1.0
2290,2291,1.0
2291,2292,1.0
2292,2293,1.0
2293,2294,1.0
2294,2295,0.0
2295,2296,1.0
2296,2297,0.0
2297,2298,0.0
2298,2299,1.0
2299,2300,1.0
2300,2301,1.0
2301,2302,1.0
2302,2303,1.0
2303,2304,0.0
2304,2305,0.0
2305,2306,0.0
2306,2307,0.0
2307,2308,1.0
2308,2309,0.0
2309,2310,0.0
2310,2311,0.0
2311,2312,1.0
2312,2313,0.0
2313,2314,1.0
2314,2315,0.0
2315,2316,1.0
2316,2317,1.0
2317,2318,0.0
2318,2319,1.0
2319,2320,1.0
2320,2321,1.0
2321,2322,0.0
2322,2323,1.0
2323,2324,1.0
2324,2325,1.0
2325,2326,1.0
2326,2327,0.0
2327,2328,1.0
2328,2329,1.0
2329,2330,1.0
2330,2331,1.0
2331,2332,1.0
2332,2333,1.0
2333,2334,1.0
2334,2335,1.0
2335,2336,0.0
2336,2337,1.0
2337,2338,
2338,2339,
2339,2340,0.0
2340,2341,1.0
2341,2342,1.0
2342,2343,0.0
2343,2344,0.0
2344,2345,1.0
2345,2346,1.0
2346,2347,0.0
2347,2348,0.0
2348,2349,0.0
2349,2350,0.0
2350,2351,1.0
2351,2352,0.0
2352,2353,0.0
2353,2354,0.0
2354,2355,1.0
2355,2356,1.0
2356,2357,1.0
2357,2358,1.0
2358,2359,1.0
2359,2360,1.0
2360,2361,1.0
2361,2362,1.0
2362,2363,0.0
2363,2364,0.0
2364,2365,1.0
2365,2366,0.0
2366,2367,1.0
2367,2368,1.0
2368,2369,1.0
2369,2370,1.0
2370,2371,1.0
2371,2372,0.0
2372,2373,1.0
2373,2374,1.0
2374,2375,1.0
2375,2376,0.0
2376,2377,1.0
2377,2378,1.0
2378,2379,1.0
2379,2380,0.0
2380,2381,0.0
2381,2382,1.0
2382,2383,1.0
2383,2384,0.0
2384,2385,1.0
2385,2386,0.0
2386,2387,1.0
2387,2388,0.0
2388,2389,1.0
2389,2390,1.0
2390,2391,1.0
2391,2392,0.0
2392,2393,0.0
2393,2394,0.0
2394,2395,0.0
2395,2396,0.0
2396,2397,0.0
2397,2398,1.0
2398,2399,1.0
2399,2400,1.0
2400,2401,1.0
2401,2402,0.0
2402,2403,1.0
2403,2404,1.0
2404,2405,1.0
2405,2406,1.0
2406,2407,0.0
2407,2408,1.0
2408,2409,0.0
2409,2410,0.0
2410,2411,1.0
2411,2412,0.0
2412,2413,0.0
2413,2414,1.0
2414,2415,1.0
2415,2416,0.0
2416,2417,0.0
2417,2418,0.0
2418,2419,0.0
2419,2420,1.0
2420,2421,1.0
2421,2422,1.0
2422,2423,1.0
2423,2424,1.0
2424,2425,1.0
2425,2426,1.0
2426,2427,1.0
2427,2428,1.0
2428,2429,0.0
2429,2430,0.0
2430,2431,
2431,2432,1.0
2432,2433,1.0
2433,2434,0.0
2434,2435,0.0
2435,2436,1.0
2436,2437,0.0
2437,2438,1.0
2438,2439,1.0
2439,2440,0.0
2440,2441,0.0
2441,2442,1.0
2442,2443,1.0
2443,2444,0.0
2444,2445,1.0
2445,2446,1.0
2446,2447,1.0
2447,2448,0.0
2448,2449,1.0
2449,2450,0.0
2450,2451,0.0
2451,2452,0.0
2452,2453,0.0
2453,2454,0.0
2454,2455,1.0
2455,2456,1.0
2456,2457,0.0
2457,2458,1.0
2458,2459,1.0
2459,2460,1.0
2460,2461,1.0
2461,2462,0.0
2462,2463,0.0
2463,2464,1.0
2464,2465,1.0
2465,2466,0.0
2466,2467,1.0
2467,2468,0.0
2468,2469,1.0
2469,2470,1.0
2470,2471,0.0
2471,2472,0.0
2472,2473,0.0
2473,2474,1.0
2474,2475,0.0
2475,2476,0.0
2476,2477,0.0
2477,2478,0.0
2478,2479,1.0
2479,2480,1.0
2480,2481,1.0
2481,2482,1.0
2482,2483,1.0
2483,2484,0.0
2484,2485,0.0
2485,2486,0.0
2486,2487,0.0
2487,2488,0.0
2488,2489,1.0
2489,2490,0.0
2490,2491,0.0
2491,2492,1.0
2492,2493,1.0
2493,2494,0.0
2494,2495,1.0
2495,2496,0.0
2496,2497,1.0
2497,2498,0.0
2498,2499,0.0
2499,2500,1.0
2500,2501,1.0
2501,2502,1.0
2502,2503,1.0
2503,2504,1.0
2504,2505,0.0
2505,2506,1.0
2506,2507,0.0
2507,2508,0.0
2508,2509,0.0
2509,2510,0.0
2510,2511,0.0
2511,2512,1.0
2512,2513,1.0
2513,2514,0.0
2514,2515,1.0
2515,2516,1.0
2516,2517,1.0
2517,2518,0.0
2518,2519,1.0
2519,2520,0.0
2520,2521,0.0
2521,2522,1.0
2522,2523,1.0
2523,2524,1.0
2524,2525,0.0
2525,2526,0.0
2526,2527,0.0
2527,2528,0.0
2528,2529,0.0
2529,2530,0.0
2530,2531,0.0
2531,2532,1.0
2532,2533,0.0
2533,2534,0.0
2534,2535,1.0
2535,2536,0.0
2536,2537,1.0
2537,2538,1.0
2538,2539,1.0
2539,2540,0.0
2540,2541,0.0
2541,2542,1.0
2542,2543,0.0
2543,2544,1.0
2544,2545,0.0
2545,2546,1.0
2546,2547,0.0
2547,2548,0.0
2548,2549,1.0
2549,2550,1.0
2550,2551,0.0
2551,2552,1.0
2552,2553,0.0
2553,2554,1.0
2554,2555,0.0
2555,2556,0.0
2556,2557,1.0
2557,2558,0.0
2558,2559,0.0
2559,2560,1.0
2560,2561,1.0
2561,2562,0.0
2562,2563,0.0
2563,2564,1.0
2564,2565,0.0
2565,2566,0.0
2566,2567,0.0
2567,2568,1.0
2568,2569,0.0
2569,2570,1.0
2570,2571,1.0
2571,2572,1.0
2572,2573,0.0
2573,2574,1.0
2574,2575,1.0
2575,2576,1.0
2576,2577,0.0
2577,2578,1.0
2578,2579,0.0
2579,2580,0.0
2580,2581,0.0
2581,2582,1.0
2582,2583,1.0
2583,2584,0.0
2584,2585,1.0
2585,2586,1.0
2586,2587,1.0
2587,2588,0.0
2588,2589,1.0
2589,2590,1.0
2590,2591,0.0
2591,2592,1.0
2592,2593,0.0
2593,2594,1.0
2594,2595,1.0
2595,2596,1.0
2596,2597,1.0
2597,2598,1.0
2598,2599,1.0
2599,2600,1.0
2600,2601,0.0
2601,2602,0.0
2602,2603,0.0
2603,2604,0.0
2604,2605,1.0
2605,2606,0.0
2606,2607,0.0
2607,2608,0.0
2608,2609,1.0
2609,2610,1.0
2610,2611,0.0
2611,2612,1.0
2612,2613,1.0
2613,2614,1.0
2614,2615,0.0
2615,2616,1.0
2616,2617,1.0
2617,2618,1.0
2618,2619,0.0
2619,2620,1.0
2620,2621,0.0
2621,2622,1.0
2622,2623,0.0
2623,2624,0.0
2624,2625,1.0
2625,2626,1.0
2626,2627,1.0
2627,2628,1.0
2628,2629,0.0
2629,2630,1.0
2630,2631,1.0
2631,2632,0.0
2632,2633,0.0
2633,2634,0.0
2634,2635,1.0
2635,2636,0.0
2636,2637,0.0
2637,2638,0.0
2638,2639,1.0
2639,2640,1.0
2640,2641,0.0
2641,2642,1.0
2642,2643,1.0
2643,2644,1.0
2644,2645,1.0
2645,2646,1.0
2646,2647,0.0
2647,2648,0.0
2648,2649,1.0
2649,2650,0.0
2650,2651,0.0
2651,2652,1.0
2652,2653,1.0
2653,2654,1.0
2654,2655,0.0
2655,2656,1.0
2656,2657,1.0
2657,2658,0.0
2658,2659,1.0
2659,2660,1.0
2660,2661,0.0
2661,2662,1.0
2662,2663,0.0
2663,2664,1.0
2664,2665,1.0
2665,2666,1.0
2666,2667,1.0
2667,2668,1.0
2668,2669,0.0
2669,2670,1.0
2670,2671,1.0
2671,2672,0.0
2672,2673,0.0
2673,2674,1.0
2674,2675,0.0
2675,2676,0.0
2676,2677,0.0
2677,2678,0.0
2678,2679,1.0
2679,2680,0.0
2680,2681,0.0
2681,2682,0.0
2682,2683,1.0
2683,2684,1.0
2684,2685,0.0
2685,2686,1.0
2686,2687,1.0
2687,2688,1.0
2688,2689,0.0
2689,2690,0.0
2690,2691,0.0
2691,2692,1.0
2692,2693,1.0
2693,2694,1.0
2694,2695,1.0
2695,2696,0.0
2696,2697,0.0
2697,2698,0.0
2698,2699,0.0
2699,2700,1.0
2700,2701,1.0
2701,2702,0.0
2702,2703,0.0
2703,2704,1.0
2704,2705,0.0
2705,2706,1.0
2706,2707,1.0
2707,2708,1.0
2708,2709,1.0
2709,2710,1.0
2710,2711,1.0
2711,2712,1.0
2712,2713,0.0
2713,2714,0.0
2714,2715,0.0
2715,2716,0.0
2716,2717,1.0
2717,2718,0.0
2718,2719,0.0
2719,2720,1.0
2720,2721,0.0
2721,2722,0.0
2722,2723,1.0
2723,2724,0.0
2724,2725,0.0
2725,2726,0.0
2726,2727,1.0
2727,2728,1.0
2728,2729,1.0
2729,2730,1.0
2730,2731,1.0
2731,2732,1.0
2732,2733,1.0
2733,2734,1.0
2734,2735,0.0
2735,2736,0.0
2736,2737,1.0
2737,2738,0.0
2738,2739,0.0
2739,2740,0.0
2740,2741,1.0
2741,2742,1.0
2742,2743,1.0
2743,2744,0.0
2744,2745,1.0
2745,2746,0.0
2746,2747,1.0
2747,2748,1.0
2748,2749,0.0
2749,2750,1.0
2750,2751,0.0
2751,2752,1.0
2752,2753,0.0
2753,2754,1.0
2754,2755,0.0
2755,2756,1.0
2756,2757,0.0
2757,2758,0.0
2758,2759,0.0
2759,2760,0.0
2760,2761,0.0
2761,2762,1.0
2762,2763,0.0
2763,2764,1.0
2764,2765,1.0
2765,2766,1.0
2766,2767,1.0
2767,2768,0.0
2768,2769,0.0
2769,2770,1.0
2770,2771,0.0
2771,2772,0.0
2772,2773,1.0
2773,2774,1.0
2774,2775,1.0
2775,2776,1.0
2776,2777,1.0
2777,2778,1.0
2778,2779,0.0
2779,2780,1.0
2780,2781,1.0
2781,2782,1.0
2782,2783,0.0
2783,2784,0.0
2784,2785,0.0
2785,2786,0.0
2786,2787,1.0
2787,2788,1.0
2788,2789,1.0
2789,2790,1.0
2790,2791,0.0
2791,2792,0.0
2792,2793,1.0
2793,2794,1.0
2794,2795,1.0
2795,2796,1.0
2796,2797,1.0
2797,2798,0.0
2798,2799,1.0
2799,2800,1.0
2800,2801,0.0
2801,2802,0.0
2802,2803,0.0
2803,2804,0.0
2804,2805,1.0
2805,2806,0.0
2806,2807,1.0
2807,2808,0.0
2808,2809,0.0
2809,2810,1.0
2810,2811,1.0
2811,2812,1.0
2812,2813,1.0
2813,2814,1.0
2814,2815,1.0
2815,2816,0.0
2816,2817,1.0
2817,2818,1.0
2818,2819,1.0
2819,2820,0.0
2820,2821,0.0
2821,2822,1.0
2822,2823,1.0
2823,2824,0.0
2824,2825,0.0
2825,2826,0.0
2826,2827,0.0
2827,2828,0.0
2828,2829,0.0
2829,2830,0.0
2830,2831,1.0
2831,2832,1.0
2832,2833,1.0
2833,2834,1.0
2834,2835,1.0
2835,2836,0.0
2836,2837,1.0
2837,2838,1.0
2838,2839,1.0
2839,2840,1.0
2840,2841,0.0
2841,2842,1.0
2842,2843,0.0
2843,2844,1.0
2844,2845,1.0
2845,2846,1.0
2846,2847,0.0
2847,2848,1.0
2848,2849,1.0
2849,2850,1.0
2850,2851,1.0
2851,2852,0.0
2852,2853,0.0
2853,2854,1.0
2854,2855,1.0
2855,2856,0.0
2856,2857,0.0
2857,2858,0.0
2858,2859,1.0
2859,2860,0.0
2860,2861,0.0
2861,2862,0.0
2862,2863,0.0
2863,2864,1.0
2864,2865,0.0
2865,2866,1.0
2866,2867,1.0
2867,2868,0.0
2868,2869,0.0
2869,2870,0.0
2870,2871,0.0
2871,2872,1.0
2872,2873,1.0
2873,2874,0.0
2874,2875,0.0
2875,2876,1.0
2876,2877,0.0
2877,2878,0.0
2878,2879,0.0
2879,2880,0.0
2880,2881,0.0
2881,2882,1.0
2882,2883,0.0
2883,2884,1.0
2884,2885,0.0
2885,2886,0.0
2886,2887,1.0
2887,2888,1.0
2888,2889,1.0
2889,2890,1.0
2890,2891,1.0
2891,2892,1.0
2892,2893,1.0
2893,2894,1.0
2894,2895,0.0
2895,2896,0.0
2896,2897,1.0
2897,2898,1.0
2898,2899,1.0
2899,2900,0.0
2900,2901,0.0
2901,2902,1.0
2902,2903,1.0
2903,2904,0.0
2904,2905,1.0
2905,2906,0.0
2906,2907,0.0
2907,2908,1.0
2908,2909,0.0
2909,2910,1.0
2910,2911,1.0
2911,2912,1.0
2912,2913,0.0
2913,2914,0.0
2914,2915,1.0
2915,2916,0.0
2916,2917,0.0
2917,2918,0.0
2918,2919,1.0
2919,2920,1.0
2920,2921,1.0
2921,2922,1.0
2922,2923,1.0
2923,2924,1.0
2924,2925,1.0
2925,2926,1.0
2926,2927,0.0
2927,2928,0.0
2928,2929,0.0
2929,2930,1.0
2930,2931,1.0
2931,2932,1.0
2932,2933,0.0
2933,2934,0.0
2934,2935,0.0
2935,2936,1.0
2936,2937,0.0
2937,2938,1.0
2938,2939,1.0
2939,2940,0.0
2940,2941,1.0
2941,2942,1.0
2942,2943,0.0
2943,2944,1.0
2944,2945,0.0
2945,2946,1.0
2946,2947,0.0
2947,2948,1.0
2948,2949,1.0
2949,2950,1.0
2950,2951,1.0
2951,2952,1.0
2952,2953,0.0
2953,2954,1.0
2954,2955,1.0
2955,2956,1.0
2956,2957,1.0
2957,2958,0.0
2958,2959,0.0
2959,2960,0.0
2960,2961,1.0
2961,2962,1.0
2962,2963,1.0
2963,2964,1.0
2964,2965,1.0
2965,2966,1.0
2966,2967,0.0
2967,2968,0.0
2968,2969,1.0
2969,2970,1.0
2970,2971,0.0
2971,2972,1.0
2972,2973,0.0
2973,2974,0.0
2974,2975,0.0
2975,2976,1.0
2976,2977,0.0
2977,2978,0.0
2978,2979,0.0
2979,2980,0.0
2980,2981,1.0
2981,2982,0.0
2982,2983,1.0
2983,2984,1.0
2984,2985,0.0
2985,2986,1.0
2986,2987,1.0
2987,2988,0.0
2988,2989,1.0
2989,2990,1.0
2990,2991,0.0
2991,2992,0.0
2992,2993,1.0
2993,2994,1.0
2994,2995,0.0
2995,2996,0.0
2996,2997,1.0
2997,2998,1.0
2998,2999,0.0
2999,3000,1.0
3000,3001,1.0
3001,3002,1.0
3002,3003,0.0
3003,3004,1.0
3004,3005,0.0
3005,3006,0.0
3006,3007,1.0
3007,3008,1.0
3008,3009,0.0
3009,3010,1.0
3010,3011,1.0
3011,3012,0.0
3012,3013,0.0
3013,3014,1.0
3014,3015,0.0
3015,3016,1.0
3016,3017,0.0
3017,3018,1.0
3018,3019,0.0
3019,3020,0.0
3020,3021,1.0
3021,3022,1.0
3022,3023,0.0
3023,3024,1.0
3024,3025,1.0
3025,3026,0.0
3026,3027,0.0
3027,3028,0.0
3028,3029,1.0
3029,3030,0.0
3030,3031,1.0
3031,3032,1.0
3032,3033,0.0
3033,3034,0.0
3034,3035,1.0
3035,3036,1.0
3036,3037,1.0
3037,3038,0.0
3038,3039,1.0
3039,3040,0.0
3040,3041,1.0
3041,3042,1.0
3042,3043,1.0
3043,3044,1.0
3044,3045,0.0
3045,3046,0.0
3046,3047,0.0
3047,3048,0.0
3048,3049,1.0
3049,3050,0.0
3050,3051,0.0
3051,3052,0.0
3052,3053,0.0
3053,3054,1.0
3054,3055,0.0
3055,3056,1.0
3056,3057,0.0
3057,3058,0.0
3058,3059,0.0
3059,3060,0.0
3060,3061,1.0
3061,3062,1.0
3062,3063,0.0
3063,3064,1.0
3064,3065,1.0
3065,3066,1.0
3066,3067,0.0
3067,3068,0.0
3068,3069,1.0
3069,3070,0.0
3070,3071,0.0
3071,3072,0.0
3072,3073,0.0
3073,3074,1.0
3074,3075,1.0
3075,3076,1.0
3076,3077,1.0
3077,3078,1.0
3078,3079,1.0
3079,3080,1.0
3080,3081,1.0
3081,3082,1.0
3082,3083,0.0
3083,3084,0.0
3084,3085,0.0
3085,3086,0.0
3086,3087,1.0
3087,3088,0.0
3088,3089,0.0
3089,3090,0.0
3090,3091,0.0
3091,3092,1.0
3092,3093,1.0
3093,3094,0.0
3094,3095,0.0
3095,3096,1.0
3096,3097,1.0
3097,3098,0.0
3098,3099,1.0
3099,3100,1.0
3100,3101,0.0
3101,3102,0.0
3102,3103,0.0
3103,3104,0.0
3104,3105,0.0
3105,3106,0.0
3106,3107,0.0
3107,3108,1.0
3108,3109,1.0
3109,3110,1.0
3110,3111,0.0
3111,3112,1.0
3112,3113,0.0
3113,3114,0.0
3114,3115,1.0
3115,3116,1.0
3116,3117,0.0
3117,3118,0.0
3118,3119,0.0
3119,3120,1.0
3120,3121,0.0
3121,3122,1.0
3122,3123,0.0
3123,3124,0.0
3124,3125,0.0
3125,3126,0.0
3126,3127,0.0
3127,3128,0.0
3128,3129,1.0
3129,3130,1.0
3130,3131,1.0
3131,3132,1.0
3132,3133,1.0
3133,3134,1.0
3134,3135,0.0
3135,3136,0.0
3136,3137,1.0
3137,3138,1.0
3138,3139,0.0
3139,3140,1.0
3140,3141,1.0
3141,3142,0.0
3142,3143,1.0
3143,3144,0.0
3144,3145,1.0
3145,3146,1.0
3146,3147,1.0
3147,3148,0.0
3148,3149,1.0
3149,3150,1.0
3150,3151,0.0
3151,3152,1.0
3152,3153,0.0
3153,3154,1.0
3154,3155,1.0
3155,3156,0.0
3156,3157,0.0
3157,3158,1.0
3158,3159,1.0
3159,3160,1.0
3160,3161,1.0
3161,3162,1.0
3162,3163,0.0
3163,3164,0.0
3164,3165,0.0
3165,3166,0.0
3166,3167,1.0
3167,3168,0.0
3168,3169,0.0
3169,3170,1.0
3170,3171,0.0
3171,3172,0.0
3172,3173,0.0
3173,3174,1.0
3174,3175,1.0
3175,3176,0.0
3176,3177,0.0
3177,3178,0.0
3178,3179,0.0
3179,3180,1.0
3180,3181,1.0
3181,3182,1.0
3182,3183,0.0
3183,3184,1.0
3184,3185,1.0
3185,3186,0.0
3186,3187,0.0
3187,3188,1.0
3188,3189,1.0
3189,3190,0.0
3190,3191,0.0
3191,3192,0.0
3192,3193,1.0
3193,3194,0.0
3194,3195,1.0
3195,3196,1.0
3196,3197,1.0
3197,3198,1.0
3198,3199,1.0
3199,3200,1.0
3200,3201,1.0
3201,3202,1.0
3202,3203,1.0
3203,3204,1.0
3204,3205,1.0
3205,3206,1.0
3206,3207,1.0
3207,3208,0.0
3208,3209,0.0
3209,3210,1.0
3210,3211,0.0
3211,3212,0.0
3212,3213,0.0
3213,3214,0.0
3214,3215,1.0
3215,3216,0.0
3216,3217,1.0
3217,3218,0.0
3218,3219,1.0
3219,3220,1.0
3220,3221,0.0
3221,3222,0.0
3222,3223,0.0
3223,3224,1.0
3224,3225,1.0
3225,3226,1.0
3226,3227,1.0
3227,3228,1.0
3228,3229,0.0
3229,3230,1.0
3230,3231,1.0
3231,3232,0.0
3232,3233,1.0
3233,3234,0.0
3234,3235,1.0
3235,3236,1.0
3236,3237,1.0
3237,3238,0.0
3238,3239,0.0
3239,3240,0.0
3240,3241,1.0
3241,3242,0.0
3242,3243,1.0
3243,3244,0.0
3244,3245,0.0
3245,3246,1.0
3246,3247,1.0
3247,3248,1.0
3248,3249,0.0
3249,3250,1.0
3250,3251,0.0
3251,3252,0.0
3252,3253,0.0
3253,3254,1.0
3254,3255,0.0
3255,3256,0.0
3256,3257,1.0
3257,3258,1.0
3258,3259,1.0
3259,3260,1.0
3260,3261,0.0
3261,3262,0.0
3262,3263,1.0
3263,3264,1.0
3264,3265,0.0
3265,3266,1.0
3266,3267,1.0
3267,3268,1.0
3268,3269,0.0
3269,3270,1.0
3270,3271,1.0
3271,3272,0.0
3272,3273,0.0
3273,3274,0.0
3274,3275,0.0
3275,3276,1.0
3276,3277,0.0
3277,3278,1.0
3278,3279,1.0
3279,3280,0.0
3280,3281,0.0
3281,3282,0.0
3282,3283,1.0
3283,3284,1.0
3284,3285,1.0
3285,3286,1.0
3286,3287,1.0
3287,3288,0.0
3288,3289,0.0
3289,3290,0.0
3290,3291,1.0
3291,3292,1.0
3292,3293,0.0
3293,3294,1.0
3294,3295,0.0
3295,3296,0.0
3296,3297,1.0
3297,3298,
3298,3299,0.0
3299,3300,0.0
3300,3301,1.0
3301,3302,0.0
3302,3303,1.0
3303,3304,1.0
3304,3305,0.0
3305,3306,1.0
3306,3307,1.0
3307,3308,1.0
3308,3309,0.0
3309,3310,1.0
3310,3311,0.0
3311,3312,1.0
3312,3313,0.0
3313,3314,0.0
3314,3315,0.0
3315,3316,1.0
3316,3317,0.0
3317,3318,1.0
3318,3319,0.0
3319,3320,1.0
3320,3321,0.0
3321,3322,1.0
3322,3323,0.0
3323,3324,0.0
3324,3325,1.0
3325,3326,0.0
3326,3327,1.0
3327,3328,1.0
3328,3329,0.0
3329,3330,1.0
3330,3331,0.0
3331,3332,0.0
3332,3333,1.0
3333,3334,0.0
3334,3335,0.0
3335,3336,1.0
3336,3337,0.0
3337,3338,1.0
3338,3339,0.0
3339,3340,0.0
3340,3341,0.0
3341,3342,1.0
3342,3343,1.0
3343,3344,1.0
3344,3345,1.0
3345,3346,1.0
3346,3347,0.0
3347,3348,0.0
3348,3349,0.0
3349,3350,0.0
3350,3351,0.0
3351,3352,0.0
3352,3353,0.0
3353,3354,1.0
3354,3355,1.0
3355,3356,1.0
3356,3357,1.0
3357,3358,1.0
3358,3359,1.0
3359,3360,0.0
3360,3361,0.0
3361,3362,1.0
3362,3363,0.0
3363,3364,0.0
3364,3365,1.0
3365,3366,0.0
3366,3367,1.0
3367,3368,0.0
3368,3369,0.0
3369,3370,0.0
3370,3371,1.0
3371,3372,0.0
3372,3373,0.0
3373,3374,1.0
3374,3375,0.0
3375,3376,0.0
3376,3377,1.0
3377,3378,1.0
3378,3379,0.0
3379,3380,1.0
3380,3381,0.0
3381,3382,1.0
3382,3383,0.0
3383,3384,0.0
3384,3385,1.0
3385,3386,0.0
3386,3387,1.0
3387,3388,0.0
3388,3389,1.0
3389,3390,1.0
3390,3391,1.0
3391,3392,0.0
3392,3393,1.0
3393,3394,0.0
3394,3395,1.0
3395,3396,0.0
3396,3397,1.0
3397,3398,0.0
3398,3399,1.0
3399,3400,0.0
3400,3401,1.0
3401,3402,1.0
3402,3403,0.0
3403,3404,1.0
3404,3405,1.0
3405,3406,1.0
3406,3407,1.0
3407,3408,0.0
3408,3409,0.0
3409,3410,1.0
3410,3411,0.0
3411,3412,0.0
3412,3413,1.0
3413,3414,1.0
3414,3415,0.0
3415,3416,1.0
3416,3417,1.0
3417,3418,1.0
3418,3419,0.0
3419,3420,1.0
3420,3421,0.0
3421,3422,0.0
3422,3423,0.0
3423,3424,0.0
3424,3425,0.0
3425,3426,0.0
3426,3427,1.0
3427,3428,1.0
3428,3429,1.0
3429,3430,1.0
3430,3431,0.0
3431,3432,1.0
3432,3433,1.0
3433,3434,1.0
3434,3435,1.0
3435,3436,0.0
3436,3437,1.0
3437,3438,1.0
3438,3439,1.0
3439,3440,0.0
3440,3441,1.0
3441,3442,1.0
3442,3443,0.0
3443,3444,0.0
3444,3445,1.0
3445,3446,1.0
3446,3447,0.0
3447,3448,1.0
3448,3449,0.0
3449,3450,0.0
3450,3451,1.0
3451,3452,0.0
3452,3453,1.0
3453,3454,0.0
3454,3455,0.0
3455,3456,1.0
3456,3457,0.0
3457,3458,0.0
3458,3459,1.0
3459,3460,0.0
3460,3461,0.0
3461,3462,1.0
3462,3463,1.0
3463,3464,0.0
3464,3465,0.0
3465,3466,0.0
3466,3467,1.0
3467,3468,1.0
3468,3469,0.0
3469,3470,0.0
3470,3471,0.0
3471,3472,0.0
3472,3473,1.0
3473,3474,0.0
3474,3475,1.0
3475,3476,1.0
3476,3477,1.0
3477,3478,0.0
3478,3479,0.0
3479,3480,0.0
3480,3481,0.0
3481,3482,0.0
3482,3483,0.0
3483,3484,1.0
3484,3485,1.0
3485,3486,1.0
3486,3487,1.0
3487,3488,1.0
3488,3489,0.0
3489,3490,1.0
3490,3491,0.0
3491,3492,0.0
3492,3493,1.0
3493,3494,1.0
3494,3495,0.0
3495,3496,0.0
3496,3497,0.0
3497,3498,1.0
3498,3499,0.0
3499,3500,0.0
3500,3501,0.0
3501,3502,1.0
3502,3503,1.0
3503,3504,1.0
3504,3505,1.0
3505,3506,1.0
3506,3507,1.0
3507,3508,1.0
3508,3509,0.0
3509,3510,1.0
3510,3511,1.0
3511,3512,0.0
3512,3513,1.0
3513,3514,1.0
3514,3515,1.0
3515,3516,1.0
3516,3517,0.0
3517,3518,0.0
3518,3519,0.0
3519,3520,1.0
3520,3521,1.0
3521,3522,1.0
3522,3523,0.0
3523,3524,0.0
3524,3525,1.0
3525,3526,0.0
3526,3527,0.0
3527,3528,0.0
3528,3529,0.0
3529,3530,0.0
3530,3531,1.0
3531,3532,1.0
3532,3533,0.0
3533,3534,1.0
3534,3535,0.0
3535,3536,1.0
3536,3537,1.0
3537,3538,0.0
3538,3539,1.0
3539,3540,1.0
3540,3541,0.0
3541,3542,0.0
3542,3543,1.0
3543,3544,1.0
3544,3545,0.0
3545,3546,1.0
3546,3547,1.0
3547,3548,1.0
3548,3549,1.0
3549,3550,1.0
3550,3551,0.0
3551,3552,0.0
3552,3553,0.0
3553,3554,1.0
3554,3555,0.0
3555,3556,0.0
3556,3557,1.0
3557,3558,1.0
3558,3559,0.0
3559,3560,1.0
3560,3561,1.0
3561,3562,1.0
3562,3563,1.0
3563,3564,0.0
3564,3565,1.0
3565,3566,0.0
3566,3567,0.0
3567,3568,1.0
3568,3569,0.0
3569,3570,1.0
3570,3571,0.0
3571,3572,1.0
3572,3573,1.0
3573,3574,1.0
3574,3575,1.0
3575,3576,1.0
3576,3577,1.0
3577,3578,1.0
3578,3579,1.0
3579,3580,1.0
3580,3581,1.0
3581,3582,0.0
3582,3583,0.0
3583,3584,1.0
3584,3585,0.0
3585,3586,0.0
3586,3587,0.0
3587,3588,0.0
3588,3589,0.0
3589,3590,0.0
3590,3591,1.0
3591,3592,0.0
3592,3593,1.0
3593,3594,1.0
3594,3595,1.0
3595,3596,1.0
3596,3597,1.0
3597,3598,0.0
3598,3599,1.0
3599,3600,1.0
3600,3601,1.0
3601,3602,1.0
3602,3603,0.0
3603,3604,0.0
3604,3605,1.0
3605,3606,1.0
3606,3607,1.0
3607,3608,0.0
3608,3609,0.0
3609,3610,0.0
3610,3611,0.0
3611,3612,1.0
3612,3613,0.0
3613,3614,0.0
3614,3615,0.0
3615,3616,1.0
3616,3617,1.0
3617,3618,1.0
3618,3619,1.0
3619,3620,1.0
3620,3621,1.0
3621,3622,0.0
3622,3623,1.0
3623,3624,0.0
3624,3625,1.0
3625,3626,1.0
3626,3627,0.0
3627,3628,1.0
3628,3629,0.0
3629,3630,0.0
3630,3631,0.0
3631,3632,1.0
3632,3633,1.0
3633,3634,0.0
3634,3635,1.0
3635,3636,1.0
3636,3637,1.0
3637,3638,1.0
3638,3639,1.0
3639,3640,0.0
3640,3641,1.0
3641,3642,0.0
3642,3643,1.0
3643,3644,0.0
3644,3645,0.0
3645,3646,1.0
3646,3647,1.0
3647,3648,1.0
3648,3649,0.0
3649,3650,1.0
3650,3651,0.0
3651,3652,0.0
3652,3653,0.0
3653,3654,0.0
3654,3655,1.0
3655,3656,0.0
3656,3657,1.0
3657,3658,1.0
3658,3659,1.0
3659,3660,0.0
3660,3661,0.0
3661,3662,0.0
3662,3663,0.0
3663,3664,0.0
3664,3665,0.0
3665,3666,1.0
3666,3667,0.0
3667,3668,1.0
3668,3669,1.0
3669,3670,0.0
3670,3671,1.0
3671,3672,1.0
3672,3673,1.0
3673,3674,1.0
3674,3675,1.0
3675,3676,1.0
3676,3677,0.0
3677,3678,0.0
3678,3679,0.0
3679,3680,1.0
3680,3681,0.0
3681,3682,0.0
3682,3683,0.0
3683,3684,0.0
3684,3685,0.0
3685,3686,0.0
3686,3687,0.0
3687,3688,0.0
3688,3689,0.0
3689,3690,1.0
3690,3691,1.0
3691,3692,0.0
3692,3693,1.0
3693,3694,0.0
3694,3695,0.0
3695,3696,1.0
3696,3697,0.0
3697,3698,1.0
3698,3699,0.0
3699,3700,1.0
3700,3701,1.0
3701,3702,1.0
3702,3703,0.0
3703,3704,0.0
3704,3705,1.0
3705,3706,1.0
3706,3707,1.0
3707,3708,0.0
3708,3709,1.0
3709,3710,1.0
3710,3711,1.0
3711,3712,0.0
3712,3713,0.0
3713,3714,1.0
3714,3715,1.0
3715,3716,1.0
3716,3717,0.0
3717,3718,0.0
3718,3719,1.0
3719,3720,0.0
3720,3721,1.0
3721,3722,1.0
3722,3723,1.0
3723,3724,1.0
3724,3725,1.0
3725,3726,1.0
3726,3727,0.0
3727,3728,1.0
3728,3729,1.0
3729,3730,1.0
3730,3731,0.0
3731,3732,1.0
3732,3733,1.0
3733,3734,0.0
3734,3735,0.0
3735,3736,1.0
3736,3737,1.0
3737,3738,1.0
3738,3739,0.0
3739,3740,0.0
3740,3741,1.0
3741,3742,1.0
3742,3743,0.0
3743,3744,1.0
3744,3745,1.0
3745,3746,0.0
3746,3747,0.0
3747,3748,1.0
3748,3749,1.0
3749,3750,0.0
3750,3751,1.0
3751,3752,1.0
3752,3753,1.0
3753,3754,1.0
3754,3755,0.0
3755,3756,1.0
3756,3757,1.0
3757,3758,1.0
3758,3759,1.0
3759,3760,1.0
3760,3761,1.0
3761,3762,1.0
3762,3763,0.0
3763,3764,1.0
3764,3765,1.0
3765,3766,1.0
3766,3767,0.0
3767,3768,0.0
3768,3769,
3769,3770,1.0
3770,3771,0.0
3771,3772,1.0
3772,3773,0.0
3773,3774,0.0
3774,3775,1.0
3775,3776,0.0
3776,3777,1.0
3777,3778,1.0
3778,3779,1.0
3779,3780,1.0
3780,3781,1.0
3781,3782,1.0
3782,3783,1.0
3783,3784,1.0
3784,3785,0.0
3785,3786,1.0
3786,3787,0.0
3787,3788,1.0
3788,3789,0.0
3789,3790,0.0
3790,3791,0.0
3791,3792,1.0
3792,3793,0.0
3793,3794,1.0
3794,3795,0.0
3795,3796,0.0
3796,3797,1.0
3797,3798,0.0
3798,3799,1.0
3799,3800,0.0
3800,3801,1.0
3801,3802,1.0
3802,3803,0.0
3803,3804,0.0
3804,3805,1.0
3805,3806,1.0
3806,3807,1.0
3807,3808,0.0
3808,3809,0.0
3809,3810,0.0
3810,3811,0.0
3811,3812,1.0
3812,3813,1.0
3813,3814,0.0
3814,3815,0.0
3815,3816,0.0
3816,3817,1.0
3817,3818,0.0
3818,3819,0.0
3819,3820,0.0
3820,3821,1.0
3821,3822,1.0
3822,3823,1.0
3823,3824,0.0
3824,3825,1.0
3825,3826,1.0
3826,3827,0.0
3827,3828,0.0
3828,3829,1.0
3829,3830,1.0
3830,3831,1.0
3831,3832,1.0
3832,3833,0.0
3833,3834,0.0
3834,3835,1.0
3835,3836,1.0
3836,3837,1.0
3837,3838,1.0
3838,3839,1.0
3839,3840,1.0
3840,3841,1.0
3841,3842,0.0
3842,3843,0.0
3843,3844,1.0
3844,3845,0.0
3845,3846,0.0
3846,3847,0.0
3847,3848,0.0
3848,3849,0.0
3849,3850,0.0
3850,3851,0.0
3851,3852,1.0
3852,3853,1.0
3853,3854,1.0
3854,3855,1.0
3855,3856,1.0
3856,3857,1.0
3857,3858,0.0
3858,3859,1.0
3859,3860,1.0
3860,3861,1.0
3861,3862,0.0
3862,3863,1.0
3863,3864,0.0
3864,3865,1.0
3865,3866,1.0
3866,3867,1.0
3867,3868,0.0
3868,3869,1.0
3869,3870,1.0
3870,3871,0.0
3871,3872,0.0
3872,3873,1.0
3873,3874,1.0
3874,3875,0.0
3875,3876,1.0
3876,3877,0.0
3877,3878,0.0
3878,3879,1.0
3879,3880,0.0
3880,3881,1.0
3881,3882,1.0
3882,3883,1.0
3883,3884,0.0
3884,3885,1.0
3885,3886,0.0
3886,3887,0.0
3887,3888,0.0
3888,3889,1.0
3889,3890,1.0
3890,3891,1.0
3891,3892,0.0
3892,3893,0.0
3893,3894,0.0
3894,3895,1.0
3895,3896,0.0
3896,3897,1.0
3897,3898,0.0
3898,3899,1.0
3899,3900,0.0
3900,3901,0.0
3901,3902,1.0
3902,3903,1.0
3903,3904,1.0
3904,3905,1.0
3905,3906,1.0
3906,3907,0.0
3907,3908,0.0
3908,3909,1.0
3909,3910,1.0
3910,3911,1.0
3911,3912,1.0
3912,3913,1.0
3913,3914,1.0
3914,3915,1.0
3915,3916,0.0
3916,3917,1.0
3917,3918,1.0
3918,3919,1.0
3919,3920,1.0
3920,3921,0.0
3921,3922,1.0
3922,3923,1.0
3923,3924,1.0
3924,3925,1.0
3925,3926,0.0
3926,3927,0.0
3927,3928,0.0
3928,3929,0.0
3929,3930,
3930,3931,1.0
3931,3932,0.0
3932,3933,1.0
3933,3934,1.0
3934,3935,1.0
3935,3936,1.0
3936,3937,0.0
3937,3938,1.0
3938,3939,1.0
3939,3940,0.0
3940,3941,0.0
3941,3942,1.0
3942,3943,1.0
3943,3944,1.0
3944,3945,0.0
3945,3946,0.0
3946,3947,1.0
3947,3948,0.0
3948,3949,1.0
3949,3950,1.0
3950,3951,1.0
3951,3952,0.0
3952,3953,1.0
3953,3954,1.0
3954,3955,1.0
3955,3956,0.0
3956,3957,1.0
3957,3958,0.0
3958,3959,0.0
3959,3960,1.0
3960,3961,1.0
3961,3962,1.0
3962,3963,1.0
3963,3964,1.0
3964,3965,1.0
3965,3966,1.0
3966,3967,0.0
3967,3968,1.0
3968,3969,1.0
3969,3970,0.0
3970,3971,0.0
3971,3972,1.0
3972,3973,1.0
3973,3974,0.0
3974,3975,1.0
3975,3976,1.0
3976,3977,0.0
3977,3978,0.0
3978,3979,0.0
3979,3980,1.0
3980,3981,1.0
3981,3982,1.0
3982,3983,0.0
3983,3984,0.0
3984,3985,1.0
3985,3986,0.0
3986,3987,0.0
3987,3988,1.0
3988,3989,0.0
3989,3990,0.0
3990,3991,1.0
3991,3992,1.0
3992,3993,1.0
3993,3994,1.0
3994,3995,1.0
3995,3996,1.0
3996,3997,0.0
3997,3998,1.0
3998,3999,1.0
3999,4000,1.0
4000,4001,1.0
4001,4002,1.0
4002,4003,1.0
4003,4004,1.0
4004,4005,0.0
4005,4006,1.0
4006,4007,1.0
4007,4008,1.0
4008,4009,1.0
4009,4010,0.0
4010,4011,1.0
4011,4012,0.0
4012,4013,0.0
4013,4014,1.0
4014,4015,1.0
4015,4016,0.0
4016,4017,0.0
4017,4018,1.0
4018,4019,0.0
4019,4020,1.0
4020,4021,0.0
4021,4022,0.0
4022,4023,0.0
4023,4024,0.0
4024,4025,1.0
4025,4026,1.0
4026,4027,1.0
4027,4028,1.0
4028,4029,0.0
4029,4030,0.0
4030,4031,1.0
4031,4032,0.0
4032,4033,1.0
4033,4034,1.0
4034,4035,1.0
4035,4036,0.0
4036,4037,0.0
4037,4038,1.0
4038,4039,1.0
4039,4040,0.0
4040,4041,1.0
4041,4042,0.0
4042,4043,1.0
4043,4044,1.0
4044,4045,1.0
4045,4046,0.0
4046,4047,1.0
4047,4048,0.0
4048,4049,0.0
4049,4050,0.0
4050,4051,1.0
4051,4052,0.0
4052,4053,0.0
4053,4054,1.0
4054,4055,1.0
4055,4056,1.0
4056,4057,1.0
4057,4058,0.0
4058,4059,0.0
4059,4060,1.0
4060,4061,0.0
4061,4062,0.0
4062,4063,0.0
4063,4064,1.0
4064,4065,1.0
4065,4066,1.0
4066,4067,0.0
4067,4068,0.0
4068,4069,1.0
4069,4070,1.0
4070,4071,1.0
4071,4072,1.0
4072,4073,1.0
4073,4074,1.0
4074,4075,1.0
4075,4076,1.0
4076,4077,1.0
4077,4078,1.0
4078,4079,1.0
4079,4080,0.0
4080,4081,1.0
4081,4082,1.0
4082,4083,1.0
4083,4084,1.0
4084,4085,1.0
4085,4086,1.0
4086,4087,1.0
4087,4088,1.0
4088,4089,0.0
4089,4090,1.0
4090,4091,1.0
4091,4092,1.0
4092,4093,0.0
4093,4094,0.0
4094,4095,1.0
4095,4096,1.0
4096,4097,1.0
4097,4098,0.0
4098,4099,1.0
4099,4100,1.0
4100,4101,1.0
4101,4102,1.0
4102,4103,1.0
4103,4104,1.0
4104,4105,0.0
4105,4106,0.0
4106,4107,1.0
4107,4108,0.0
4108,4109,1.0
4109,4110,1.0
4110,4111,0.0
4111,4112,1.0
4112,4113,1.0
4113,4114,1.0
4114,4115,1.0
4115,4116,0.0
4116,4117,0.0
4117,4118,1.0
4118,4119,0.0
4119,4120,1.0
4120,4121,0.0
4121,4122,0.0
4122,4123,1.0
4123,4124,0.0
4124,4125,1.0
4125,4126,1.0
4126,4127,1.0
4127,4128,1.0
4128,4129,
4129,4130,1.0
4130,4131,1.0
4131,4132,1.0
4132,4133,1.0
4133,4134,1.0
4134,4135,1.0
4135,4136,0.0
4136,4137,1.0
4137,4138,0.0
4138,4139,1.0
4139,4140,1.0
4140,4141,1.0
4141,4142,0.0
4142,4143,0.0
4143,4144,0.0
4144,4145,1.0
4145,4146,0.0
4146,4147,0.0
4147,4148,0.0
4148,4149,1.0
4149,4150,1.0
4150,4151,1.0
4151,4152,0.0
4152,4153,0.0
4153,4154,0.0
4154,4155,1.0
4155,4156,0.0
4156,4157,1.0
4157,4158,0.0
4158,4159,1.0
4159,4160,1.0
4160,4161,0.0
4161,4162,1.0
4162,4163,0.0
4163,4164,1.0
4164,4165,1.0
4165,4166,0.0
4166,4167,1.0
4167,4168,1.0
4168,4169,1.0
4169,4170,0.0
4170,4171,1.0
4171,4172,1.0
4172,4173,1.0
4173,4174,0.0
4174,4175,1.0
4175,4176,0.0
4176,4177,1.0
4177,4178,1.0
4178,4179,0.0
4179,4180,0.0
4180,4181,1.0
4181,4182,0.0
4182,4183,0.0
4183,4184,1.0
4184,4185,1.0
4185,4186,0.0
4186,4187,0.0
4187,4188,1.0
4188,4189,1.0
4189,4190,0.0
4190,4191,0.0
4191,4192,0.0
4192,4193,1.0
4193,4194,0.0
4194,4195,1.0
4195,4196,1.0
4196,4197,0.0
4197,4198,1.0
4198,4199,1.0
4199,4200,0.0
4200,4201,0.0
4201,4202,0.0
4202,4203,0.0
4203,4204,1.0
4204,4205,1.0
4205,4206,1.0
4206,4207,1.0
4207,4208,1.0
4208,4209,0.0
4209,4210,0.0
4210,4211,0.0
4211,4212,1.0
4212,4213,1.0
4213,4214,0.0
4214,4215,1.0
4215,4216,0.0
4216,4217,1.0
4217,4218,0.0
4218,4219,1.0
4219,4220,0.0
4220,4221,1.0
4221,4222,1.0
4222,4223,0.0
4223,4224,1.0
4224,4225,1.0
4225,4226,1.0
4226,4227,1.0
4227,4228,0.0
4228,4229,0.0
4229,4230,1.0
4230,4231,1.0
4231,4232,1.0
4232,4233,1.0
4233,4234,1.0
4234,4235,1.0
4235,4236,1.0
4236,4237,1.0
4237,4238,1.0
4238,4239,0.0
4239,4240,0.0
4240,4241,1.0
4241,4242,1.0
4242,4243,1.0
4243,4244,1.0
4244,4245,0.0
4245,4246,0.0
4246,4247,1.0
4247,4248,0.0
4248,4249,1.0
4249,4250,1.0
4250,4251,1.0
4251,4252,0.0
4252,4253,0.0
4253,4254,0.0
4254,4255,0.0
4255,4256,1.0
4256,4257,1.0
4257,4258,1.0
4258,4259,0.0
4259,4260,0.0
4260,4261,0.0
4261,4262,0.0
4262,4263,1.0
4263,4264,0.0
4264,4265,0.0
4265,4266,1.0
4266,4267,0.0
4267,4268,1.0
4268,4269,1.0
4269,4270,1.0
4270,4271,1.0
4271,4272,1.0
4272,4273,1.0
4273,4274,0.0
4274,4275,0.0
4275,4276,0.0
4276,4277,1.0
4277,4278,0.0
4278,4279,1.0
4279,4280,1.0
4280,4281,1.0
4281,4282,1.0
4282,4283,1.0
4283,4284,1.0
4284,4285,1.0
4285,4286,0.0
4286,4287,0.0
4287,4288,1.0
4288,4289,1.0
4289,4290,0.0
4290,4291,1.0
4291,4292,1.0
4292,4293,1.0
4293,4294,1.0
4294,4295,0.0
4295,4296,0.0
4296,4297,1.0
4297,4298,0.0
4298,4299,0.0
4299,4300,1.0
4300,4301,0.0
4301,4302,0.0
4302,4303,0.0
4303,4304,1.0
4304,4305,1.0
4305,4306,1.0
4306,4307,1.0
4307,4308,1.0
4308,4309,1.0
4309,4310,0.0
4310,4311,1.0
4311,4312,1.0
4312,4313,1.0
4313,4314,1.0
4314,4315,0.0
4315,4316,0.0
4316,4317,1.0
4317,4318,1.0
4318,4319,1.0
4319,4320,1.0
4320,4321,1.0
4321,4322,1.0
4322,4323,1.0
4323,4324,0.0
4324,4325,1.0
4325,4326,0.0
4326,4327,1.0
4327,4328,1.0
4328,4329,1.0
4329,4330,1.0
4330,4331,0.0
4331,4332,0.0
4332,4333,1.0
4333,4334,1.0
4334,4335,1.0
4335,4336,1.0
4336,4337,0.0
4337,4338,0.0
4338,4339,0.0
4339,4340,1.0
4340,4341,1.0
4341,4342,1.0
4342,4343,1.0
4343,4344,0.0
4344,4345,0.0
4345,4346,1.0
4346,4347,0.0
4347,4348,0.0
4348,4349,0.0
4349,4350,1.0
4350,4351,1.0
4351,4352,0.0
4352,4353,0.0
4353,4354,
4354,4355,1.0
4355,4356,1.0
4356,4357,0.0
4357,4358,0.0
4358,4359,1.0
4359,4360,0.0
4360,4361,0.0
4361,4362,0.0
4362,4363,1.0
4363,4364,0.0
4364,4365,0.0
4365,4366,0.0
4366,4367,0.0
4367,4368,1.0
4368,4369,1.0
4369,4370,1.0
4370,4371,1.0
4371,4372,0.0
4372,4373,1.0
4373,4374,0.0
4374,4375,0.0
4375,4376,0.0
4376,4377,0.0
4377,4378,1.0
4378,4379,1.0
4379,4380,1.0
4380,4381,1.0
4381,4382,1.0
4382,4383,0.0
4383,4384,0.0
4384,4385,1.0
4385,4386,1.0
4386,4387,1.0
4387,4388,0.0
4388,4389,1.0
4389,4390,1.0
4390,4391,1.0
4391,4392,1.0
4392,4393,0.0
4393,4394,1.0
4394,4395,1.0
4395,4396,0.0
4396,4397,0.0
4397,4398,0.0
4398,4399,1.0
4399,4400,0.0
4400,4401,0.0
4401,4402,1.0
4402,4403,0.0
4403,4404,0.0
4404,4405,1.0
4405,4406,1.0
4406,4407,1.0
4407,4408,1.0
4408,4409,1.0
4409,4410,1.0
4410,4411,0.0
4411,4412,0.0
4412,4413,1.0
4413,4414,0.0
4414,4415,1.0
4415,4416,1.0
4416,4417,1.0
4417,4418,0.0
4418,4419,1.0
4419,4420,1.0
4420,4421,1.0
4421,4422,1.0
4422,4423,1.0
4423,4424,1.0
4424,4425,1.0
4425,4426,1.0
4426,4427,0.0
4427,4428,1.0
4428,4429,0.0
4429,4430,1.0
4430,4431,1.0
4431,4432,1.0
4432,4433,0.0
4433,4434,1.0
4434,4435,1.0
4435,4436,0.0
4436,4437,1.0
4437,4438,0.0
4438,4439,1.0
4439,4440,1.0
4440,4441,1.0
4441,4442,1.0
4442,4443,0.0
4443,4444,1.0
4444,4445,0.0
4445,4446,1.0
4446,4447,1.0
4447,4448,1.0
4448,4449,1.0
4449,4450,0.0
4450,4451,1.0
4451,4452,0.0
4452,4453,0.0
4453,4454,1.0
4454,4455,0.0
4455,4456,0.0
4456,4457,0.0
4457,4458,1.0
4458,4459,1.0
4459,4460,1.0
4460,4461,0.0
4461,4462,0.0
4462,4463,0.0
4463,4464,0.0
4464,4465,0.0
4465,4466,1.0
4466,4467,1.0
4467,4468,1.0
4468,4469,0.0
4469,4470,0.0
4470,4471,1.0
4471,4472,1.0
4472,4473,0.0
4473,4474,0.0
4474,4475,0.0
4475,4476,0.0
4476,4477,0.0
4477,4478,0.0
4478,4479,0.0
4479,4480,1.0
4480,4481,1.0
4481,4482,1.0
4482,4483,0.0
4483,4484,1.0
4484,4485,0.0
4485,4486,1.0
4486,4487,0.0
4487,4488,0.0
4488,4489,0.0
4489,4490,1.0
4490,4491,0.0
4491,4492,1.0
4492,4493,1.0
4493,4494,1.0
4494,4495,0.0
4495,4496,0.0
4496,4497,0.0
4497,4498,1.0
4498,4499,1.0
4499,4500,0.0
4500,4501,1.0
4501,4502,1.0
4502,4503,1.0
4503,4504,0.0
4504,4505,1.0
4505,4506,1.0
4506,4507,1.0
4507,4508,1.0
4508,4509,1.0
4509,4510,1.0
4510,4511,0.0
4511,4512,0.0
4512,4513,0.0
4513,4514,0.0
4514,4515,1.0
4515,4516,0.0
4516,4517,1.0
4517,4518,1.0
4518,4519,0.0
4519,4520,0.0
4520,4521,1.0
4521,4522,1.0
4522,4523,0.0
4523,4524,1.0
4524,4525,1.0
4525,4526,0.0
4526,4527,1.0
4527,4528,0.0
4528,4529,0.0
4529,4530,1.0
4530,4531,0.0
4531,4532,0.0
4532,4533,0.0
4533,4534,0.0
4534,4535,1.0
4535,4536,1.0
4536,4537,0.0
4537,4538,0.0
4538,4539,1.0
4539,4540,1.0
4540,4541,1.0
4541,4542,1.0
4542,4543,1.0
4543,4544,1.0
4544,4545,1.0
4545,4546,0.0
4546,4547,0.0
4547,4548,0.0
4548,4549,0.0
4549,4550,1.0
4550,4551,1.0
4551,4552,1.0
4552,4553,1.0
4553,4554,1.0
4554,4555,0.0
4555,4556,0.0
4556,4557,1.0
4557,4558,1.0
4558,4559,1.0
4559,4560,1.0
4560,4561,0.0
4561,4562,0.0
4562,4563,0.0
4563,4564,0.0
4564,4565,1.0
4565,4566,1.0
4566,4567,0.0
4567,4568,1.0
4568,4569,1.0
4569,4570,0.0
4570,4571,1.0
4571,4572,0.0
4572,4573,1.0
4573,4574,1.0
4574,4575,1.0
4575,4576,1.0
4576,4577,0.0
4577,4578,0.0
4578,4579,1.0
4579,4580,0.0
4580,4581,1.0
4581,4582,1.0
4582,4583,1.0
4583,4584,0.0
4584,4585,0.0
4585,4586,1.0
4586,4587,1.0
4587,4588,1.0
4588,4589,1.0
4589,4590,0.0
4590,4591,1.0
4591,4592,0.0
4592,4593,0.0
4593,4594,1.0
4594,4595,0.0
4595,4596,1.0
4596,4597,1.0
4597,4598,0.0
4598,4599,0.0
4599,4600,0.0
4600,4601,
4601,4602,1.0
4602,4603,1.0
4603,4604,0.0
4604,4605,1.0
4605,4606,0.0
4606,4607,1.0
4607,4608,1.0
4608,4609,0.0
4609,4610,0.0
4610,4611,0.0
4611,4612,1.0
4612,4613,0.0
4613,4614,1.0
4614,4615,1.0
4615,4616,0.0
4616,4617,1.0
4617,4618,1.0
4618,4619,1.0
4619,4620,0.0
4620,4621,1.0
4621,4622,0.0
4622,4623,1.0
4623,4624,1.0
4624,4625,1.0
4625,4626,1.0
4626,4627,1.0
4627,4628,1.0
4628,4629,0.0
4629,4630,1.0
4630,4631,1.0
4631,4632,0.0
4632,4633,1.0
4633,4634,0.0
4634,4635,1.0
4635,4636,1.0
4636,4637,1.0
4637,4638,0.0
4638,4639,0.0
4639,4640,1.0
4640,4641,0.0
4641,4642,0.0
4642,4643,0.0
4643,4644,1.0
4644,4645,1.0
4645,4646,1.0
4646,4647,1.0
4647,4648,0.0
4648,4649,0.0
4649,4650,1.0
4650,4651,0.0
4651,4652,1.0
4652,4653,1.0
4653,4654,1.0
4654,4655,0.0
4655,4656,0.0
4656,4657,1.0
4657,4658,0.0
4658,4659,1.0
4659,4660,1.0
4660,4661,1.0
4661,4662,0.0
4662,4663,0.0
4663,4664,1.0
4664,4665,0.0
4665,4666,1.0
4666,4667,0.0
4667,4668,1.0
4668,4669,1.0
4669,4670,0.0
4670,4671,0.0
4671,4672,1.0
4672,4673,1.0
4673,4674,0.0
4674,4675,1.0
4675,4676,1.0
4676,4677,1.0
4677,4678,1.0
4678,4679,0.0
4679,4680,0.0
4680,4681,0.0
4681,4682,1.0
4682,4683,1.0
4683,4684,1.0
4684,4685,1.0
4685,4686,1.0
4686,4687,0.0
4687,4688,0.0
4688,4689,0.0
4689,4690,1.0
4690,4691,1.0
4691,4692,1.0
4692,4693,0.0
4693,4694,1.0
4694,4695,0.0
4695,4696,1.0
4696,4697,1.0
4697,4698,0.0
4698,4699,0.0
4699,4700,1.0
4700,4701,0.0
4701,4702,0.0
4702,4703,1.0
4703,4704,1.0
4704,4705,1.0
4705,4706,1.0
4706,4707,0.0
4707,4708,1.0
4708,4709,0.0
4709,4710,0.0
4710,4711,0.0
4711,4712,1.0
4712,4713,0.0
4713,4714,1.0
4714,4715,0.0
4715,4716,0.0
4716,4717,1.0
4717,4718,0.0
4718,4719,0.0
4719,4720,0.0
4720,4721,1.0
4721,4722,0.0
4722,4723,1.0
4723,4724,1.0
4724,4725,1.0
4725,4726,1.0
4726,4727,0.0
4727,4728,1.0
4728,4729,0.0
4729,4730,0.0
4730,4731,1.0
4731,4732,1.0
4732,4733,0.0
4733,4734,0.0
4734,4735,1.0
4735,4736,0.0
4736,4737,0.0
4737,4738,1.0
4738,4739,1.0
4739,4740,1.0
4740,4741,1.0
4741,4742,0.0
4742,4743,1.0
4743,4744,1.0
4744,4745,1.0
4745,4746,0.0
4746,4747,1.0
4747,4748,0.0
4748,4749,1.0
4749,4750,1.0
4750,4751,1.0
4751,4752,1.0
4752,4753,1.0
4753,4754,1.0
4754,4755,0.0
4755,4756,1.0
4756,4757,1.0
4757,4758,1.0
4758,4759,0.0
4759,4760,1.0
4760,4761,1.0
4761,4762,1.0
4762,4763,1.0
4763,4764,0.0
4764,4765,1.0
4765,4766,1.0
4766,4767,0.0
4767,4768,0.0
4768,4769,1.0
4769,4770,1.0
4770,4771,0.0
4771,4772,1.0
4772,4773,0.0
4773,4774,1.0
4774,4775,1.0
4775,4776,0.0
4776,4777,1.0
4777,4778,0.0
4778,4779,0.0
4779,4780,0.0
4780,4781,0.0
4781,4782,0.0
4782,4783,1.0
4783,4784,0.0
4784,4785,1.0
4785,4786,1.0
4786,4787,1.0
4787,4788,1.0
4788,4789,0.0
4789,4790,1.0
4790,4791,1.0
4791,4792,0.0
4792,4793,0.0
4793,4794,0.0
4794,4795,0.0
4795,4796,0.0
4796,4797,0.0
4797,4798,1.0
4798,4799,1.0
4799,4800,0.0
4800,4801,0.0
4801,4802,0.0
4802,4803,0.0
4803,4804,1.0
4804,4805,1.0
4805,4806,1.0
4806,4807,0.0
4807,4808,1.0
4808,4809,1.0
4809,4810,1.0
4810,4811,1.0
4811,4812,0.0
4812,4813,1.0
4813,4814,1.0
4814,4815,0.0
4815,4816,0.0
4816,4817,0.0
4817,4818,1.0
4818,4819,1.0
4819,4820,1.0
4820,4821,0.0
4821,4822,0.0
4822,4823,1.0
4823,4824,1.0
4824,4825,1.0
4825,4826,1.0
4826,4827,1.0
4827,4828,1.0
4828,4829,0.0
4829,4830,0.0
4830,4831,1.0
4831,4832,1.0
4832,4833,1.0
4833,4834,1.0
4834,4835,0.0
4835,4836,0.0
4836,4837,0.0
4837,4838,0.0
4838,4839,0.0
4839,4840,1.0
4840,4841,1.0
4841,4842,1.0
4842,4843,0.0
4843,4844,0.0
4844,4845,1.0
4845,4846,0.0
4846,4847,1.0
4847,4848,0.0
4848,4849,0.0
4849,4850,0.0
4850,4851,1.0
4851,4852,1.0
4852,4853,1.0
4853,4854,1.0
4854,4855,1.0
4855,4856,1.0
4856,4857,0.0
4857,4858,0.0
4858,4859,1.0
4859,4860,1.0
4860,4861,0.0
4861,4862,1.0
4862,4863,1.0
4863,4864,0.0
4864,4865,0.0
4865,4866,0.0
4866,4867,0.0
4867,4868,1.0
4868,4869,1.0
4869,4870,0.0
4870,4871,1.0
4871,4872,0.0
4872,4873,1.0
4873,4874,1.0
4874,4875,1.0
4875,4876,1.0
4876,4877,1.0
4877,4878,1.0
4878,4879,1.0
4879,4880,1.0
4880,4881,1.0
4881,4882,1.0
4882,4883,1.0
4883,4884,1.0
4884,4885,1.0
4885,4886,1.0
4886,4887,0.0
4887,4888,0.0
4888,4889,0.0
4889,4890,0.0
4890,4891,0.0
4891,4892,1.0
4892,4893,0.0
4893,4894,0.0
4894,4895,0.0
4895,4896,1.0
4896,4897,1.0
4897,4898,0.0
4898,4899,1.0
4899,4900,1.0
4900,4901,1.0
4901,4902,1.0
4902,4903,0.0
4903,4904,1.0
4904,4905,1.0
4905,4906,1.0
4906,4907,0.0
4907,4908,1.0
4908,4909,0.0
4909,4910,1.0
4910,4911,1.0
4911,4912,1.0
4912,4913,1.0
4913,4914,0.0
4914,4915,0.0
4915,4916,1.0
4916,4917,0.0
4917,4918,1.0
4918,4919,1.0
4919,4920,1.0
4920,4921,0.0
4921,4922,1.0
4922,4923,0.0
4923,4924,0.0
4924,4925,1.0
4925,4926,1.0
4926,4927,1.0
4927,4928,1.0
4928,4929,1.0
4929,4930,1.0
4930,4931,1.0
4931,4932,1.0
4932,4933,1.0
4933,4934,1.0
4934,4935,1.0
4935,4936,1.0
4936,4937,1.0
4937,4938,0.0
4938,4939,0.0
4939,4940,0.0
4940,4941,1.0
4941,4942,0.0
4942,4943,0.0
4943,4944,0.0
4944,4945,0.0
4945,4946,1.0
4946,4947,1.0
4947,4948,0.0
4948,4949,0.0
4949,4950,1.0
4950,4951,0.0
4951,4952,0.0
4952,4953,1.0
4953,4954,0.0
4954,4955,1.0
4955,4956,1.0
4956,4957,1.0
4957,4958,0.0
4958,4959,1.0
4959,4960,1.0
4960,4961,1.0
4961,4962,0.0
4962,4963,0.0
4963,4964,0.0
4964,4965,1.0
4965,4966,0.0
4966,4967,1.0
4967,4968,1.0
4968,4969,1.0
4969,4970,0.0
4970,4971,1.0
4971,4972,0.0
4972,4973,1.0
4973,4974,0.0
4974,4975,1.0
4975,4976,0.0
4976,4977,1.0
4977,4978,1.0
4978,4979,1.0
4979,4980,1.0
4980,4981,1.0
4981,4982,1.0
4982,4983,0.0
4983,4984,1.0
4984,4985,1.0
4985,4986,0.0
4986,4987,1.0
4987,4988,1.0
4988,4989,1.0
4989,4990,0.0
4990,4991,0.0
4991,4992,0.0
4992,4993,0.0
4993,4994,1.0
4994,4995,0.0
4995,4996,1.0
4996,4997,1.0
4997,4998,1.0
4998,4999,0.0
4999,5000,1.0
